2026-08-17T06:31:41.437216Z  INFO tailwindcss_oxide::scanner: Provided sources:
2026-08-17T06:31:41.437250Z  INFO tailwindcss_oxide::scanner: Source: PublicSourceEntry { base: "/home/z/my-project", pattern: "**/*", negated: false }
2026-08-17T06:31:41.437566Z  INFO tailwindcss_oxide::scanner: Optimized sources:
2026-08-17T06:31:41.437570Z  INFO tailwindcss_oxide::scanner: Source: Auto { base: "/home/z/my-project" }
2026-08-17T06:31:41.438392Z  INFO discover_sources: tailwindcss_oxide::scanner: enter
2026-08-17T06:31:41.438401Z  INFO discover_sources:walk_synchronous: tailwindcss_oxide::scanner: enter
2026-08-17T06:31:41.544205Z  INFO discover_sources:walk_synchronous: tailwindcss_oxide::scanner: exit
2026-08-17T06:31:41.545591Z  INFO tailwindcss_oxide::scanner: Reading "/home/z/my-project/skills/podcast-generate/package.json"
2026-08-17T06:31:41.545618Z  INFO tailwindcss_oxide::scanner: Reading "/home/z/my-project/skills/podcast-generate/SKILL.md"
2026-08-17T06:31:41.545630Z  INFO tailwindcss_oxide::scanner: Reading "/home/z/my-project/skills/podcast-generate/tsconfig.json"
2026-08-17T06:31:41.545639Z  INFO tailwindcss_oxide::scanner: Reading "/home/z/my-project/skills/podcast-generate/test_data/segments.jsonl"
2026-08-17T06:31:41.545651Z  INFO tailwindcss_oxide::scanner: Reading "/home/z/my-project/skills/podcast-generate/readme.md"
2026-08-17T06:31:41.545672Z  INFO tailwindcss_oxide::scanner: Reading "/home/z/my-project/skills/podcast-generate/generate.ts"
2026-08-17T06:31:41.545678Z  INFO tailwindcss_oxide::scanner: Reading "/home/z/my-project/skills/podcast-generate/LICENSE.txt"
2026-08-17T06:31:41.545702Z  INFO tailwindcss_oxide::scanner: Reading "/home/z/my-project/skills/study-buddy/SKILL.md"
2026-08-17T06:31:41.545702Z  INFO tailwindcss_oxide::scanner: Reading "/home/z/my-project/skills/design/design-systems/style-skills/mono/SKILL.md"
2026-08-17T06:31:41.545752Z  INFO tailwindcss_oxide::scanner: Reading "/home/z/my-project/skills/design/design-systems/style-skills/trading-terminal/DESIGN.md"
2026-08-17T06:31:41.545756Z  INFO tailwindcss_oxide::scanner: Reading "/home/z/my-project/skills/pptx/SKILL.md"
2026-08-17T06:31:41.545782Z  INFO tailwindcss_oxide::scanner: Reading "/home/z/my-project/skills/design/design-systems/style-skills/trading-terminal/SKILL.md"
2026-08-17T06:31:41.545800Z  INFO tailwindcss_oxide::scanner: Reading "/home/z/my-project/skills/design/design-systems/style-skills/glassmorphism/DESIGN.md"
2026-08-17T06:31:41.545812Z  INFO tailwindcss_oxide::scanner: Reading "/home/z/my-project/skills/pptx/ooxml/scripts/validate.py"
2026-08-17T06:31:41.545813Z  INFO tailwindcss_oxide::scanner: Reading "/home/z/my-project/skills/design/design-systems/style-skills/glassmorphism/SKILL.md"
2026-08-17T06:31:41.545823Z  INFO tailwindcss_oxide::scanner: Reading "/home/z/my-project/skills/pptx/ooxml/scripts/validation/pptx.py"
2026-08-17T06:31:41.545833Z  INFO tailwindcss_oxide::scanner: Reading "/home/z/my-project/skills/pptx/ooxml/scripts/validation/redlining.py"
2026-08-17T06:31:41.545840Z  INFO tailwindcss_oxide::scanner: Reading "/home/z/my-project/skills/pptx/ooxml/scripts/validation/docx.py"
2026-08-17T06:31:41.545845Z  INFO tailwindcss_oxide::scanner: Reading "/home/z/my-project/skills/pptx/ooxml/scripts/validation/__init__.py"
2026-08-17T06:31:41.545853Z  INFO tailwindcss_oxide::scanner: Reading "/home/z/my-project/skills/design/design-systems/style-skills/urdu/DESIGN.md"
2026-08-17T06:31:41.545874Z  INFO tailwindcss_oxide::scanner: Reading "/home/z/my-project/skills/pptx/ooxml/scripts/validation/base.py"
2026-08-17T06:31:41.545880Z  INFO tailwindcss_oxide::scanner: Reading "/home/z/my-project/skills/pptx/ooxml/scripts/pack.py"
2026-08-17T06:31:41.545887Z  INFO tailwindcss_oxide::scanner: Reading "/home/z/my-project/skills/pptx/ooxml/scripts/unpack.py"
2026-08-17T06:31:41.545896Z  INFO tailwindcss_oxide::scanner: Reading "/home/z/my-project/skills/pptx/batch_html2pptx.js"
2026-08-17T06:31:41.545902Z  INFO tailwindcss_oxide::scanner: Reading "/home/z/my-project/skills/pptx/scripts/extract_html_style.py"
2026-08-17T06:31:41.545911Z  INFO tailwindcss_oxide::scanner: Reading "/home/z/my-project/skills/design/design-systems/style-skills/urdu/SKILL.md"
2026-08-17T06:31:41.545929Z  INFO tailwindcss_oxide::scanner: Reading "/home/z/my-project/skills/pptx/scripts/check_slides.py"
2026-08-17T06:31:41.545938Z  INFO tailwindcss_oxide::scanner: Reading "/home/z/my-project/skills/pptx/scripts/extract_pptx_style.py"
2026-08-17T06:31:41.545946Z  INFO tailwindcss_oxide::scanner: Reading "/home/z/my-project/skills/design/design-systems/style-skills/atelier-zero/DESIGN.md"
2026-08-17T06:31:41.545976Z  INFO tailwindcss_oxide::scanner: Reading "/home/z/my-project/skills/design/design-systems/style-skills/atelier-zero/SKILL.md"
2026-08-17T06:31:41.545991Z  INFO tailwindcss_oxide::scanner: Reading "/home/z/my-project/skills/design/design-systems/style-skills/vibrant/DESIGN.md"
2026-08-17T06:31:41.546002Z  INFO tailwindcss_oxide::scanner: Reading "/home/z/my-project/skills/design/design-systems/style-skills/vibrant/SKILL.md"
2026-08-17T06:31:41.546016Z  INFO tailwindcss_oxide::scanner: Reading "/home/z/my-project/skills/design/design-systems/style-skills/skeumorphism/DESIGN.md"
2026-08-17T06:31:41.546026Z  INFO tailwindcss_oxide::scanner: Reading "/home/z/my-project/skills/design/design-systems/style-skills/skeumorphism/SKILL.md"
2026-08-17T06:31:41.546039Z  INFO tailwindcss_oxide::scanner: Reading "/home/z/my-project/skills/design/design-systems/style-skills/agentic/DESIGN.md"
2026-08-17T06:31:41.546048Z  INFO tailwindcss_oxide::scanner: Reading "/home/z/my-project/skills/design/design-systems/style-skills/agentic/SKILL.md"
2026-08-17T06:31:41.546065Z  INFO tailwindcss_oxide::scanner: Reading "/home/z/my-project/skills/design/design-systems/style-skills/riso/DESIGN.md"
2026-08-17T06:31:41.546072Z  INFO tailwindcss_oxide::scanner: Reading "/home/z/my-project/skills/pptx/html2pptx1.js"
2026-08-17T06:31:41.546075Z  INFO tailwindcss_oxide::scanner: Reading "/home/z/my-project/skills/design/design-systems/style-skills/riso/SKILL.md"
2026-08-17T06:31:41.546086Z  INFO tailwindcss_oxide::scanner: Reading "/home/z/my-project/skills/experiment-suite/references/06-quality-gate.md"
2026-08-17T06:31:41.546095Z  INFO tailwindcss_oxide::scanner: Reading "/home/z/my-project/skills/design/design-systems/style-skills/gradient/DESIGN.md"
2026-08-17T06:31:41.546099Z  INFO tailwindcss_oxide::scanner: Reading "/home/z/my-project/skills/experiment-suite/references/04-publication-figures.md"
2026-08-17T06:31:41.546107Z  INFO tailwindcss_oxide::scanner: Reading "/home/z/my-project/skills/design/design-systems/style-skills/gradient/SKILL.md"
2026-08-17T06:31:41.546115Z  INFO tailwindcss_oxide::scanner: Reading "/home/z/my-project/skills/experiment-suite/references/01-design-depth.md"
2026-08-17T06:31:41.546124Z  INFO tailwindcss_oxide::scanner: Reading "/home/z/my-project/skills/design/design-systems/style-skills/matrix/DESIGN.md"
2026-08-17T06:31:41.546127Z  INFO tailwindcss_oxide::scanner: Reading "/home/z/my-project/skills/experiment-suite/references/00-incremental-execution.md"
2026-08-17T06:31:41.546135Z  INFO tailwindcss_oxide::scanner: Reading "/home/z/my-project/skills/design/design-systems/style-skills/matrix/SKILL.md"
2026-08-17T06:31:41.546145Z  INFO tailwindcss_oxide::scanner: Reading "/home/z/my-project/skills/experiment-suite/references/04a-figure-contract.md"
2026-08-17T06:31:41.546157Z  INFO tailwindcss_oxide::scanner: Reading "/home/z/my-project/skills/experiment-suite/references/03-results-protocol.md"
2026-08-17T06:31:41.546161Z  INFO tailwindcss_oxide::scanner: Reading "/home/z/my-project/skills/design/design-systems/style-skills/mission-control/DESIGN.md"
2026-08-17T06:31:41.546174Z  INFO tailwindcss_oxide::scanner: Reading "/home/z/my-project/skills/experiment-suite/references/05-report-structure.md"
2026-08-17T06:31:41.546186Z  INFO tailwindcss_oxide::scanner: Reading "/home/z/my-project/skills/experiment-suite/references/01a-data-contract.md"
2026-08-17T06:31:41.546198Z  INFO tailwindcss_oxide::scanner: Reading "/home/z/my-project/skills/design/design-systems/style-skills/mission-control/SKILL.md"
2026-08-17T06:31:41.546199Z  INFO tailwindcss_oxide::scanner: Reading "/home/z/my-project/skills/experiment-suite/references/02-code-quality.md"
2026-08-17T06:31:41.546220Z  INFO tailwindcss_oxide::scanner: Reading "/home/z/my-project/skills/design/design-systems/style-skills/neobrutalism/DESIGN.md"
2026-08-17T06:31:41.546229Z  INFO tailwindcss_oxide::scanner: Reading "/home/z/my-project/skills/experiment-suite/references/04b-figure-qa.md"
2026-08-17T06:31:41.546239Z  INFO tailwindcss_oxide::scanner: Reading "/home/z/my-project/skills/design/design-systems/style-skills/neobrutalism/SKILL.md"
2026-08-17T06:31:41.546243Z  INFO tailwindcss_oxide::scanner: Reading "/home/z/my-project/skills/experiment-suite/SKILL.md"
2026-08-17T06:31:41.546254Z  INFO tailwindcss_oxide::scanner: Reading "/home/z/my-project/skills/design/design-systems/style-skills/storytelling/DESIGN.md"
2026-08-17T06:31:41.546265Z  INFO tailwindcss_oxide::scanner: Reading "/home/z/my-project/skills/experiment-suite/figure_examples/FIGURE_CONTRACT_TEMPLATE.md"
2026-08-17T06:31:41.546267Z  INFO tailwindcss_oxide::scanner: Reading "/home/z/my-project/skills/design/design-systems/style-skills/storytelling/SKILL.md"
2026-08-17T06:31:41.546273Z  INFO tailwindcss_oxide::scanner: Reading "/home/z/my-project/skills/experiment-suite/figure_examples/make_fig_03_heatmap.py"
2026-08-17T06:31:41.546280Z  INFO tailwindcss_oxide::scanner: Reading "/home/z/my-project/skills/experiment-suite/figure_examples/make_fig_02_horizon_sweep.py"
2026-08-17T06:31:41.546286Z  INFO tailwindcss_oxide::scanner: Reading "/home/z/my-project/skills/design/design-systems/style-skills/minimal/DESIGN.md"
2026-08-17T06:31:41.546287Z  INFO tailwindcss_oxide::scanner: Reading "/home/z/my-project/skills/experiment-suite/figure_examples/README.md"
2026-08-17T06:31:41.546298Z  INFO tailwindcss_oxide::scanner: Reading "/home/z/my-project/skills/experiment-suite/figure_examples/requirements.txt"
2026-08-17T06:31:41.546299Z  INFO tailwindcss_oxide::scanner: Reading "/home/z/my-project/skills/design/design-systems/style-skills/minimal/SKILL.md"
2026-08-17T06:31:41.546305Z  INFO tailwindcss_oxide::scanner: Reading "/home/z/my-project/skills/experiment-suite/figure_examples/style_kit.py"
2026-08-17T06:31:41.546314Z  INFO tailwindcss_oxide::scanner: Reading "/home/z/my-project/skills/experiment-suite/figure_examples/make_fig_04_ablation.py"
2026-08-17T06:31:41.546320Z  INFO tailwindcss_oxide::scanner: Reading "/home/z/my-project/skills/design/design-systems/style-skills/refined/DESIGN.md"
2026-08-17T06:31:41.546325Z  INFO tailwindcss_oxide::scanner: Reading "/home/z/my-project/skills/agent-browser/SKILL.md"
2026-08-17T06:31:41.546330Z  INFO tailwindcss_oxide::scanner: Reading "/home/z/my-project/skills/design/design-systems/style-skills/refined/SKILL.md"
2026-08-17T06:31:41.546347Z  INFO tailwindcss_oxide::scanner: Reading "/home/z/my-project/skills/design/design-systems/style-skills/fiction/DESIGN.md"
2026-08-17T06:31:41.546353Z  INFO tailwindcss_oxide::scanner: Reading "/home/z/my-project/skills/ASR/SKILL.md"
2026-08-17T06:31:41.546363Z  INFO tailwindcss_oxide::scanner: Reading "/home/z/my-project/skills/design/design-systems/style-skills/fiction/SKILL.md"
2026-08-17T06:31:41.546377Z  INFO tailwindcss_oxide::scanner: Reading "/home/z/my-project/skills/design/design-systems/style-skills/perspective/DESIGN.md"
2026-08-17T06:31:41.546387Z  INFO tailwindcss_oxide::scanner: Reading "/home/z/my-project/skills/design/design-systems/style-skills/perspective/SKILL.md"
2026-08-17T06:31:41.546395Z  INFO tailwindcss_oxide::scanner: Reading "/home/z/my-project/skills/ASR/scripts/asr.ts"
2026-08-17T06:31:41.546403Z  INFO tailwindcss_oxide::scanner: Reading "/home/z/my-project/skills/ASR/LICENSE.txt"
2026-08-17T06:31:41.546404Z  INFO tailwindcss_oxide::scanner: Reading "/home/z/my-project/skills/design/design-systems/style-skills/corporate/DESIGN.md"
2026-08-17T06:31:41.546413Z  INFO tailwindcss_oxide::scanner: Reading "/home/z/my-project/skills/interview-designer/references/design_rationale.md"
2026-08-17T06:31:41.546417Z  INFO tailwindcss_oxide::scanner: Reading "/home/z/my-project/skills/design/design-systems/style-skills/corporate/SKILL.md"
2026-08-17T06:31:41.546433Z  INFO tailwindcss_oxide::scanner: Reading "/home/z/my-project/skills/interview-designer/_meta.json"
2026-08-17T06:31:41.546457Z  INFO tailwindcss_oxide::scanner: Reading "/home/z/my-project/skills/interview-designer/SKILL.md"
2026-08-17T06:31:41.546465Z  INFO tailwindcss_oxide::scanner: Reading "/home/z/my-project/skills/design/design-systems/style-skills/totality-festival/DESIGN.md"
2026-08-17T06:31:41.546467Z  INFO tailwindcss_oxide::scanner: Reading "/home/z/my-project/skills/interview-designer/templates/interview_guide_template.md"
2026-08-17T06:31:41.546477Z  INFO tailwindcss_oxide::scanner: Reading "/home/z/my-project/skills/interview-designer/README.md"
2026-08-17T06:31:41.546497Z  INFO tailwindcss_oxide::scanner: Reading "/home/z/my-project/skills/gaokao-collect-student-info/SKILL.md"
2026-08-17T06:31:41.546511Z  INFO tailwindcss_oxide::scanner: Reading "/home/z/my-project/skills/design/design-systems/style-skills/totality-festival/SKILL.md"
2026-08-17T06:31:41.546516Z  INFO tailwindcss_oxide::scanner: Reading "/home/z/my-project/skills/gaokao-collect-student-info/examples/student_template.json"
2026-08-17T06:31:41.546526Z  INFO tailwindcss_oxide::scanner: Reading "/home/z/my-project/skills/gaokao-collect-student-info/examples/student_shandong.json"
2026-08-17T06:31:41.546527Z  INFO tailwindcss_oxide::scanner: Reading "/home/z/my-project/skills/design/design-systems/style-skills/spacious/DESIGN.md"
2026-08-17T06:31:41.546536Z  INFO tailwindcss_oxide::scanner: Reading "/home/z/my-project/skills/gaokao-collect-student-info/reference.md"
2026-08-17T06:31:41.546540Z  INFO tailwindcss_oxide::scanner: Reading "/home/z/my-project/skills/design/design-systems/style-skills/spacious/SKILL.md"
2026-08-17T06:31:41.546554Z  INFO tailwindcss_oxide::scanner: Reading "/home/z/my-project/skills/design/design-systems/style-skills/simple/DESIGN.md"
2026-08-17T06:31:41.546557Z  INFO tailwindcss_oxide::scanner: Reading "/home/z/my-project/skills/get-fortune-analysis/SKILL.md"
2026-08-17T06:31:41.546568Z  INFO tailwindcss_oxide::scanner: Reading "/home/z/my-project/skills/design/design-systems/style-skills/simple/SKILL.md"
2026-08-17T06:31:41.546582Z  INFO tailwindcss_oxide::scanner: Reading "/home/z/my-project/skills/design/design-systems/style-skills/cosmic/DESIGN.md"
2026-08-17T06:31:41.546594Z  INFO tailwindcss_oxide::scanner: Reading "/home/z/my-project/skills/design/design-systems/style-skills/cosmic/SKILL.md"
2026-08-17T06:31:41.546596Z  INFO tailwindcss_oxide::scanner: Reading "/home/z/my-project/skills/get-fortune-analysis/lunar_python.py"
2026-08-17T06:31:41.546606Z  INFO tailwindcss_oxide::scanner: Reading "/home/z/my-project/skills/qingyan-research/generate_html.py"
2026-08-17T06:31:41.546611Z  INFO tailwindcss_oxide::scanner: Reading "/home/z/my-project/skills/design/design-systems/style-skills/premium/DESIGN.md"
2026-08-17T06:31:41.546615Z  INFO tailwindcss_oxide::scanner: Reading "/home/z/my-project/skills/qingyan-research/SKILL.md"
2026-08-17T06:31:41.546622Z  INFO tailwindcss_oxide::scanner: Reading "/home/z/my-project/skills/design/design-systems/style-skills/premium/SKILL.md"
2026-08-17T06:31:41.546639Z  INFO tailwindcss_oxide::scanner: Reading "/home/z/my-project/skills/design/design-systems/style-skills/doodle/DESIGN.md"
2026-08-17T06:31:41.546642Z  INFO tailwindcss_oxide::scanner: Reading "/home/z/my-project/skills/cheat-sheet/SKILL.md"
2026-08-17T06:31:41.546650Z  INFO tailwindcss_oxide::scanner: Reading "/home/z/my-project/skills/design/design-systems/style-skills/doodle/SKILL.md"
2026-08-17T06:31:41.546656Z  INFO tailwindcss_oxide::scanner: Reading "/home/z/my-project/skills/gaokao-recommend-schools/SKILL.md"
2026-08-17T06:31:41.546667Z  INFO tailwindcss_oxide::scanner: Reading "/home/z/my-project/skills/gaokao-recommend-schools/career_reference.md"
2026-08-17T06:31:41.546668Z  INFO tailwindcss_oxide::scanner: Reading "/home/z/my-project/skills/design/design-systems/style-skills/brutalism/DESIGN.md"
2026-08-17T06:31:41.546683Z  INFO tailwindcss_oxide::scanner: Reading "/home/z/my-project/skills/gaokao-recommend-schools/examples/school_recommendation_template.json"
2026-08-17T06:31:41.546691Z  INFO tailwindcss_oxide::scanner: Reading "/home/z/my-project/skills/design/design-systems/style-skills/brutalism/SKILL.md"
2026-08-17T06:31:41.546695Z  INFO tailwindcss_oxide::scanner: Reading "/home/z/my-project/skills/marketing-mode/mode-prompt.md"
2026-08-17T06:31:41.546704Z  INFO tailwindcss_oxide::scanner: Reading "/home/z/my-project/skills/marketing-mode/_meta.json"
2026-08-17T06:31:41.546706Z  INFO tailwindcss_oxide::scanner: Reading "/home/z/my-project/skills/design/design-systems/style-skills/parchment/DESIGN.md"
2026-08-17T06:31:41.546718Z  INFO tailwindcss_oxide::scanner: Reading "/home/z/my-project/skills/design/design-systems/style-skills/parchment/SKILL.md"
2026-08-17T06:31:41.546721Z  INFO tailwindcss_oxide::scanner: Reading "/home/z/my-project/skills/marketing-mode/SKILL.md"
2026-08-17T06:31:41.546734Z  INFO tailwindcss_oxide::scanner: Reading "/home/z/my-project/skills/design/design-systems/style-skills/colorful/DESIGN.md"
2026-08-17T06:31:41.546744Z  INFO tailwindcss_oxide::scanner: Reading "/home/z/my-project/skills/design/design-systems/style-skills/colorful/SKILL.md"
2026-08-17T06:31:41.546745Z  INFO tailwindcss_oxide::scanner: Reading "/home/z/my-project/skills/marketing-mode/skill.json"
2026-08-17T06:31:41.546756Z  INFO tailwindcss_oxide::scanner: Reading "/home/z/my-project/skills/marketing-mode/README.md"
2026-08-17T06:31:41.546759Z  INFO tailwindcss_oxide::scanner: Reading "/home/z/my-project/skills/design/design-systems/style-skills/impeccable/DESIGN.md"
2026-08-17T06:31:41.546785Z  INFO tailwindcss_oxide::scanner: Reading "/home/z/my-project/skills/design/design-systems/style-skills/impeccable/SKILL.md"
2026-08-17T06:31:41.546803Z  INFO tailwindcss_oxide::scanner: Reading "/home/z/my-project/skills/aminer-academic-search/references/api-catalog.md"
2026-08-17T06:31:41.546806Z  INFO tailwindcss_oxide::scanner: Reading "/home/z/my-project/skills/design/design-systems/style-skills/warm-editorial/DESIGN.md"
2026-08-17T06:31:41.546822Z  INFO tailwindcss_oxide::scanner: Reading "/home/z/my-project/skills/design/design-systems/style-skills/warm-editorial/SKILL.md"
2026-08-17T06:31:41.546837Z  INFO tailwindcss_oxide::scanner: Reading "/home/z/my-project/skills/design/design-systems/style-skills/immersive/DESIGN.md"
2026-08-17T06:31:41.546850Z  INFO tailwindcss_oxide::scanner: Reading "/home/z/my-project/skills/design/design-systems/style-skills/immersive/SKILL.md"
2026-08-17T06:31:41.546852Z  INFO tailwindcss_oxide::scanner: Reading "/home/z/my-project/skills/aminer-academic-search/evals/evals.json"
2026-08-17T06:31:41.546868Z  INFO tailwindcss_oxide::scanner: Reading "/home/z/my-project/skills/aminer-academic-search/SKILL.md"
2026-08-17T06:31:41.546883Z  INFO tailwindcss_oxide::scanner: Reading "/home/z/my-project/skills/design/social-card.md"
2026-08-17T06:31:41.546909Z  INFO tailwindcss_oxide::scanner: Reading "/home/z/my-project/skills/aminer-academic-search/scripts/aminer_client.py"
2026-08-17T06:31:41.546918Z  INFO tailwindcss_oxide::scanner: Reading "/home/z/my-project/skills/coding-agent/execution.md"
2026-08-17T06:31:41.546926Z  INFO tailwindcss_oxide::scanner: Reading "/home/z/my-project/skills/coding-agent/criteria.md"
2026-08-17T06:31:41.546933Z  INFO tailwindcss_oxide::scanner: Reading "/home/z/my-project/skills/coding-agent/state.md"
2026-08-17T06:31:41.546940Z  INFO tailwindcss_oxide::scanner: Reading "/home/z/my-project/skills/coding-agent/_meta.json"
2026-08-17T06:31:41.546946Z  INFO tailwindcss_oxide::scanner: Reading "/home/z/my-project/skills/design/SKILL.md"
2026-08-17T06:31:41.546947Z  INFO tailwindcss_oxide::scanner: Reading "/home/z/my-project/skills/coding-agent/planning.md"
2026-08-17T06:31:41.546956Z  INFO tailwindcss_oxide::scanner: Reading "/home/z/my-project/skills/coding-agent/SKILL.md"
2026-08-17T06:31:41.546968Z  INFO tailwindcss_oxide::scanner: Reading "/home/z/my-project/skills/coding-agent/verification.md"
2026-08-17T06:31:41.546974Z  INFO tailwindcss_oxide::scanner: Reading "/home/z/my-project/skills/coding-agent/memory-template.md"
2026-08-17T06:31:41.546997Z  INFO tailwindcss_oxide::scanner: Reading "/home/z/my-project/skills/charts/references/radial-grid.md"
2026-08-17T06:31:41.547005Z  INFO tailwindcss_oxide::scanner: Reading "/home/z/my-project/skills/design/export.md"
2026-08-17T06:31:41.547025Z  INFO tailwindcss_oxide::scanner: Reading "/home/z/my-project/skills/design/deck.md"
2026-08-17T06:31:41.547036Z  INFO tailwindcss_oxide::scanner: Reading "/home/z/my-project/skills/charts/references/seaborn.md"
2026-08-17T06:31:41.547042Z  INFO tailwindcss_oxide::scanner: Reading "/home/z/my-project/skills/design/portfolio.md"
2026-08-17T06:31:41.547058Z  INFO tailwindcss_oxide::scanner: Reading "/home/z/my-project/skills/charts/references/echarts.md"
2026-08-17T06:31:41.547071Z  INFO tailwindcss_oxide::scanner: Reading "/home/z/my-project/skills/design/INDEX.md"
2026-08-17T06:31:41.547085Z  INFO tailwindcss_oxide::scanner: Reading "/home/z/my-project/skills/design/landing-page.md"
2026-08-17T06:31:41.547113Z  INFO tailwindcss_oxide::scanner: Reading "/home/z/my-project/skills/design/quality-gate.md"
2026-08-17T06:31:41.547124Z  INFO tailwindcss_oxide::scanner: Reading "/home/z/my-project/skills/charts/references/mermaid.md"
2026-08-17T06:31:41.547145Z  INFO tailwindcss_oxide::scanner: Reading "/home/z/my-project/skills/design/prototype.md"
2026-08-17T06:31:41.547191Z  INFO tailwindcss_oxide::scanner: Reading "/home/z/my-project/skills/design/design-system-reference.md"
2026-08-17T06:31:41.547196Z  INFO tailwindcss_oxide::scanner: Reading "/home/z/my-project/skills/charts/references/playwright-css.md"
2026-08-17T06:31:41.547254Z  INFO tailwindcss_oxide::scanner: Reading "/home/z/my-project/skills/charts/references/d3.md"
2026-08-17T06:31:41.547256Z  INFO tailwindcss_oxide::scanner: Reading "/home/z/my-project/skills/design/design-templates/wireframe-sketch/foolscap-wireframe.html"
2026-08-17T06:31:41.547267Z  INFO tailwindcss_oxide::scanner: Reading "/home/z/my-project/skills/charts/references/_rules.md"
2026-08-17T06:31:41.547271Z  INFO tailwindcss_oxide::scanner: Reading "/home/z/my-project/skills/design/design-templates/wireframe-sketch/SKILL.md"
2026-08-17T06:31:41.547278Z  INFO tailwindcss_oxide::scanner: Reading "/home/z/my-project/skills/charts/references/matplotlib.md"
2026-08-17T06:31:41.547297Z  INFO tailwindcss_oxide::scanner: Reading "/home/z/my-project/skills/design/design-templates/xianying-tool/SKILL.md"
2026-08-17T06:31:41.547323Z  INFO tailwindcss_oxide::scanner: Reading "/home/z/my-project/skills/charts/references/mindmap-css.md"
2026-08-17T06:31:41.547385Z  INFO tailwindcss_oxide::scanner: Reading "/home/z/my-project/skills/charts/setup.sh"
2026-08-17T06:31:41.547394Z  INFO tailwindcss_oxide::scanner: Reading "/home/z/my-project/skills/charts/SKILL.md"
2026-08-17T06:31:41.547410Z  INFO tailwindcss_oxide::scanner: Reading "/home/z/my-project/skills/charts/LICENSE.txt"
2026-08-17T06:31:41.547418Z  INFO tailwindcss_oxide::scanner: Reading "/home/z/my-project/skills/skill-finder-cn/package.json"
2026-08-17T06:31:41.547426Z  INFO tailwindcss_oxide::scanner: Reading "/home/z/my-project/skills/skill-finder-cn/_meta.json"
2026-08-17T06:31:41.547433Z  INFO tailwindcss_oxide::scanner: Reading "/home/z/my-project/skills/skill-finder-cn/SKILL.md"
2026-08-17T06:31:41.547440Z  INFO tailwindcss_oxide::scanner: Reading "/home/z/my-project/skills/skill-finder-cn/scripts/search.sh"
2026-08-17T06:31:41.547450Z  INFO tailwindcss_oxide::scanner: Reading "/home/z/my-project/skills/resume-builder/references/templates/finance.md"
2026-08-17T06:31:41.547458Z  INFO tailwindcss_oxide::scanner: Reading "/home/z/my-project/skills/resume-builder/references/templates/internet.md"
2026-08-17T06:31:41.547465Z  INFO tailwindcss_oxide::scanner: Reading "/home/z/my-project/skills/resume-builder/references/templates/tech.md"
2026-08-17T06:31:41.547475Z  INFO tailwindcss_oxide::scanner: Reading "/home/z/my-project/skills/resume-builder/references/templates/general.md"
2026-08-17T06:31:41.547500Z  INFO tailwindcss_oxide::scanner: Reading "/home/z/my-project/skills/resume-builder/references/star_rewrite_guide.md"
2026-08-17T06:31:41.547512Z  INFO tailwindcss_oxide::scanner: Reading "/home/z/my-project/skills/resume-builder/references/keywords/finance.txt"
2026-08-17T06:31:41.547518Z  INFO tailwindcss_oxide::scanner: Reading "/home/z/my-project/skills/resume-builder/references/keywords/general.txt"
2026-08-17T06:31:41.547525Z  INFO tailwindcss_oxide::scanner: Reading "/home/z/my-project/skills/resume-builder/references/keywords/tech.txt"
2026-08-17T06:31:41.547532Z  INFO tailwindcss_oxide::scanner: Reading "/home/z/my-project/skills/resume-builder/references/keywords/internet.txt"
2026-08-17T06:31:41.547539Z  INFO tailwindcss_oxide::scanner: Reading "/home/z/my-project/skills/resume-builder/references/export_guide.md"
2026-08-17T06:31:41.547546Z  INFO tailwindcss_oxide::scanner: Reading "/home/z/my-project/skills/resume-builder/references/intake_questions.md"
2026-08-17T06:31:41.547554Z  INFO tailwindcss_oxide::scanner: Reading "/home/z/my-project/skills/resume-builder/SKILL.md"
2026-08-17T06:31:41.547565Z  INFO tailwindcss_oxide::scanner: Reading "/home/z/my-project/skills/resume-builder/scripts/ats_check.py"
2026-08-17T06:31:41.547575Z  INFO tailwindcss_oxide::scanner: Reading "/home/z/my-project/skills/anti-pua/SKILL.md"
2026-08-17T06:31:41.547586Z  INFO tailwindcss_oxide::scanner: Reading "/home/z/my-project/skills/gaokao-generate-report/SKILL.md"
2026-08-17T06:31:41.547616Z  INFO tailwindcss_oxide::scanner: Reading "/home/z/my-project/skills/gaokao-generate-report/templates/volunteer_report.html"
2026-08-17T06:31:41.547624Z  INFO tailwindcss_oxide::scanner: Reading "/home/z/my-project/skills/gaokao-generate-report/examples/analysis_merged_example.json"
2026-08-17T06:31:41.547635Z  INFO tailwindcss_oxide::scanner: Reading "/home/z/my-project/skills/gaokao-generate-report/scripts/generate_html.py"
2026-08-17T06:31:41.547641Z  INFO tailwindcss_oxide::scanner: Reading "/home/z/my-project/skills/gaokao-generate-report/scripts/merge_analysis.py"
2026-08-17T06:31:41.547648Z  INFO tailwindcss_oxide::scanner: Reading "/home/z/my-project/skills/gaokao-generate-report/requirements.txt"
2026-08-17T06:31:41.547655Z  INFO tailwindcss_oxide::scanner: Reading "/home/z/my-project/skills/mindfulness-meditation/_meta.json"
2026-08-17T06:31:41.547662Z  INFO tailwindcss_oxide::scanner: Reading "/home/z/my-project/skills/mindfulness-meditation/SKILL.md"
2026-08-17T06:31:41.547673Z  INFO tailwindcss_oxide::scanner: Reading "/home/z/my-project/skills/dream-interpreter/references/output-schema.md"
2026-08-17T06:31:41.547682Z  INFO tailwindcss_oxide::scanner: Reading "/home/z/my-project/skills/dream-interpreter/references/visual-mapping.md"
2026-08-17T06:31:41.547693Z  INFO tailwindcss_oxide::scanner: Reading "/home/z/my-project/skills/dream-interpreter/references/api_reference.md"
2026-08-17T06:31:41.547701Z  INFO tailwindcss_oxide::scanner: Reading "/home/z/my-project/skills/dream-interpreter/references/interpretation-guide.md"
2026-08-17T06:31:41.547708Z  INFO tailwindcss_oxide::scanner: Reading "/home/z/my-project/skills/dream-interpreter/references/questioning-strategy.md"
2026-08-17T06:31:41.547715Z  INFO tailwindcss_oxide::scanner: Reading "/home/z/my-project/skills/dream-interpreter/SKILL.md"
2026-08-17T06:31:41.547724Z  INFO tailwindcss_oxide::scanner: Reading "/home/z/my-project/skills/dream-interpreter/skill.json"
2026-08-17T06:31:41.547732Z  INFO tailwindcss_oxide::scanner: Reading "/home/z/my-project/skills/dream-interpreter/assets/example_asset.txt"
2026-08-17T06:31:41.547739Z  INFO tailwindcss_oxide::scanner: Reading "/home/z/my-project/skills/dream-interpreter/scripts/example.py"
2026-08-17T06:31:41.547757Z  INFO tailwindcss_oxide::scanner: Reading "/home/z/my-project/skills/literature-survey/references/05-quality-gate.md"
2026-08-17T06:31:41.547811Z  INFO tailwindcss_oxide::scanner: Reading "/home/z/my-project/skills/literature-survey/references/01-bibliography-expansion.md"
2026-08-17T06:31:41.547834Z  INFO tailwindcss_oxide::scanner: Reading "/home/z/my-project/skills/literature-survey/references/04-layout-discipline.md"
2026-08-17T06:31:41.547852Z  INFO tailwindcss_oxide::scanner: Reading "/home/z/my-project/skills/literature-survey/references/00-incremental-execution.md"
2026-08-17T06:31:41.547868Z  INFO tailwindcss_oxide::scanner: Reading "/home/z/my-project/skills/literature-survey/references/03-survey-section-playbook.md"
2026-08-17T06:31:41.547897Z  INFO tailwindcss_oxide::scanner: Reading "/home/z/my-project/skills/literature-survey/references/02-survey-figures.md"
2026-08-17T06:31:41.547935Z  INFO tailwindcss_oxide::scanner: Reading "/home/z/my-project/skills/literature-survey/SKILL.md"
2026-08-17T06:31:41.547948Z  INFO tailwindcss_oxide::scanner: Reading "/home/z/my-project/skills/literature-survey/templates/survey/compile.sh"
2026-08-17T06:31:41.547955Z  INFO tailwindcss_oxide::scanner: Reading "/home/z/my-project/skills/literature-survey/templates/survey/main.tex"
2026-08-17T06:31:41.547962Z  INFO tailwindcss_oxide::scanner: Reading "/home/z/my-project/skills/literature-survey/templates/survey/sections/.gitkeep"
2026-08-17T06:31:41.547971Z  INFO tailwindcss_oxide::scanner: Reading "/home/z/my-project/skills/literature-survey/templates/survey/figures/.gitkeep"
2026-08-17T06:31:41.548222Z  INFO tailwindcss_oxide::scanner: Reading "/home/z/my-project/skills/web-reader/SKILL.md"
2026-08-17T06:31:41.548291Z  INFO tailwindcss_oxide::scanner: Reading "/home/z/my-project/skills/web-reader/scripts/web-reader.ts"
2026-08-17T06:31:41.548297Z  INFO tailwindcss_oxide::scanner: Reading "/home/z/my-project/skills/web-reader/LICENSE.txt"
2026-08-17T06:31:41.548305Z  INFO tailwindcss_oxide::scanner: Reading "/home/z/my-project/skills/image-search/SKILL.md"
2026-08-17T06:31:41.548319Z  INFO tailwindcss_oxide::scanner: Reading "/home/z/my-project/skills/aminer-deep-search/tests/test_paper_set.py"
2026-08-17T06:31:41.548328Z  INFO tailwindcss_oxide::scanner: Reading "/home/z/my-project/skills/aminer-deep-search/tests/test_aminer_api.py"
2026-08-17T06:31:41.548335Z  INFO tailwindcss_oxide::scanner: Reading "/home/z/my-project/skills/aminer-deep-search/SKILL.md"
2026-08-17T06:31:41.548346Z  INFO tailwindcss_oxide::scanner: Reading "/home/z/my-project/skills/aminer-deep-search/commands/aminer-deep-search.md"
2026-08-17T06:31:41.548364Z  INFO tailwindcss_oxide::scanner: Reading "/home/z/my-project/skills/aminer-deep-search/scripts/aminer_api.py"
2026-08-17T06:31:41.548372Z  INFO tailwindcss_oxide::scanner: Reading "/home/z/my-project/skills/aminer-deep-search/scripts/paper_set.py"
2026-08-17T06:31:41.548378Z  INFO tailwindcss_oxide::scanner: Reading "/home/z/my-project/skills/aminer-deep-search/SKILL.zh.md"
2026-08-17T06:31:41.548397Z  INFO tailwindcss_oxide::scanner: Reading "/home/z/my-project/skills/finance/Finance_API_Doc.md"
2026-08-17T06:31:41.548412Z  INFO tailwindcss_oxide::scanner: Reading "/home/z/my-project/skills/finance/SKILL.md"
2026-08-17T06:31:41.548421Z  INFO tailwindcss_oxide::scanner: Reading "/home/z/my-project/skills/gaokao-fetch-volunteers/SKILL.md"
2026-08-17T06:31:41.548433Z  INFO tailwindcss_oxide::scanner: Reading "/home/z/my-project/skills/gaokao-fetch-volunteers/examples/api_request_shandong.json"
2026-08-17T06:31:41.548439Z  INFO tailwindcss_oxide::scanner: Reading "/home/z/my-project/skills/gaokao-fetch-volunteers/examples/api_request_template.json"
2026-08-17T06:31:41.548448Z  INFO tailwindcss_oxide::scanner: Reading "/home/z/my-project/skills/gaokao-fetch-volunteers/scripts/build_api_request.py"
2026-08-17T06:31:41.548459Z  INFO tailwindcss_oxide::scanner: Reading "/home/z/my-project/skills/gaokao-fetch-volunteers/scripts/test_batch_api.py"
2026-08-17T06:31:41.548470Z  INFO tailwindcss_oxide::scanner: Reading "/home/z/my-project/skills/gaokao-fetch-volunteers/scripts/province_config.py"
2026-08-17T06:31:41.548501Z  INFO tailwindcss_oxide::scanner: Reading "/home/z/my-project/skills/gaokao-fetch-volunteers/scripts/fetch_volunteers.py"
2026-08-17T06:31:41.548512Z  INFO tailwindcss_oxide::scanner: Reading "/home/z/my-project/skills/gaokao-fetch-volunteers/preference_mapping.md"
2026-08-17T06:31:41.548522Z  INFO tailwindcss_oxide::scanner: Reading "/home/z/my-project/skills/gaokao-fetch-volunteers/requirements.txt"
2026-08-17T06:31:41.548530Z  INFO tailwindcss_oxide::scanner: Reading "/home/z/my-project/skills/gaokao-fetch-volunteers/reference.md"
2026-08-17T06:31:41.548547Z  INFO tailwindcss_oxide::scanner: Reading "/home/z/my-project/skills/web-shader-extractor/references/shader-injection.md"
2026-08-17T06:31:41.548824Z  INFO tailwindcss_oxide::scanner: Reading "/home/z/my-project/skills/web-shader-extractor/references/porting-strategy.md"
2026-08-17T06:31:41.548837Z  INFO tailwindcss_oxide::scanner: Reading "/home/z/my-project/skills/web-shader-extractor/references/tech-signatures.md"
2026-08-17T06:31:41.548844Z  INFO tailwindcss_oxide::scanner: Reading "/home/z/my-project/skills/web-shader-extractor/references/tsl-extraction.md"
2026-08-17T06:31:41.548852Z  INFO tailwindcss_oxide::scanner: Reading "/home/z/my-project/skills/web-shader-extractor/references/encoded-definitions.md"
2026-08-17T06:31:41.548865Z  INFO tailwindcss_oxide::scanner: Reading "/home/z/my-project/skills/web-shader-extractor/references/unicorn-studio.md"
2026-08-17T06:31:41.548886Z  INFO tailwindcss_oxide::scanner: Reading "/home/z/my-project/skills/web-shader-extractor/references/config-extraction.md"
2026-08-17T06:31:41.548894Z  INFO tailwindcss_oxide::scanner: Reading "/home/z/my-project/skills/web-shader-extractor/references/extraction-workflow.md"
2026-08-17T06:31:41.548901Z  INFO tailwindcss_oxide::scanner: Reading "/home/z/my-project/skills/web-shader-extractor/references/shaders-com.md"
2026-08-17T06:31:41.548915Z  INFO tailwindcss_oxide::scanner: Reading "/home/z/my-project/skills/web-shader-extractor/SKILL.md"
2026-08-17T06:31:41.548927Z  INFO tailwindcss_oxide::scanner: Reading "/home/z/my-project/skills/web-shader-extractor/scripts/scan-bundle.sh"
2026-08-17T06:31:41.548933Z  INFO tailwindcss_oxide::scanner: Reading "/home/z/my-project/skills/web-shader-extractor/scripts/fetch-rendered-dom.mjs"
2026-08-17T06:31:41.548952Z  INFO tailwindcss_oxide::scanner: Reading "/home/z/my-project/skills/web-search/SKILL.md"
2026-08-17T06:31:41.549006Z  INFO tailwindcss_oxide::scanner: Reading "/home/z/my-project/skills/web-search/scripts/web_search.ts"
2026-08-17T06:31:41.549013Z  INFO tailwindcss_oxide::scanner: Reading "/home/z/my-project/skills/web-search/LICENSE.txt"
2026-08-17T06:31:41.549024Z  INFO tailwindcss_oxide::scanner: Reading "/home/z/my-project/skills/market-research-reports/references/data_analysis_patterns.md"
2026-08-17T06:31:41.549065Z  INFO tailwindcss_oxide::scanner: Reading "/home/z/my-project/skills/market-research-reports/references/visual_generation_guide.md"
2026-08-17T06:31:41.549104Z  INFO tailwindcss_oxide::scanner: Reading "/home/z/my-project/skills/market-research-reports/references/report_structure_guide.md"
2026-08-17T06:31:41.549133Z  INFO tailwindcss_oxide::scanner: Reading "/home/z/my-project/skills/market-research-reports/SKILL.md"
2026-08-17T06:31:41.549165Z  INFO tailwindcss_oxide::scanner: Reading "/home/z/my-project/skills/market-research-reports/assets/FORMATTING_GUIDE.md"
2026-08-17T06:31:41.549410Z  INFO tailwindcss_oxide::scanner: Reading "/home/z/my-project/skills/market-research-reports/assets/market_report_template.tex"
2026-08-17T06:31:41.549418Z  INFO tailwindcss_oxide::scanner: Reading "/home/z/my-project/skills/market-research-reports/assets/market_research.sty"
2026-08-17T06:31:41.549427Z  INFO tailwindcss_oxide::scanner: Reading "/home/z/my-project/skills/market-research-reports/scripts/generate_market_visuals.py"
2026-08-17T06:31:41.549443Z  INFO tailwindcss_oxide::scanner: Reading "/home/z/my-project/skills/image-generation/SKILL.md"
2026-08-17T06:31:41.549500Z  INFO tailwindcss_oxide::scanner: Reading "/home/z/my-project/skills/image-generation/scripts/image-generation.ts"
2026-08-17T06:31:41.549509Z  INFO tailwindcss_oxide::scanner: Reading "/home/z/my-project/skills/image-generation/LICENSE.txt"
2026-08-17T06:31:41.549519Z  INFO tailwindcss_oxide::scanner: Reading "/home/z/my-project/skills/auto-target-tracker/SKILL.md"
2026-08-17T06:31:41.549530Z  INFO tailwindcss_oxide::scanner: Reading "/home/z/my-project/skills/writing-plans/_meta.json"
2026-08-17T06:31:41.549538Z  INFO tailwindcss_oxide::scanner: Reading "/home/z/my-project/skills/writing-plans/SKILL.md"
2026-08-17T06:31:41.549549Z  INFO tailwindcss_oxide::scanner: Reading "/home/z/my-project/skills/aminer-free-academic/references/api-catalog.md"
2026-08-17T06:31:41.549565Z  INFO tailwindcss_oxide::scanner: Reading "/home/z/my-project/skills/aminer-free-academic/evals/evals.json"
2026-08-17T06:31:41.549582Z  INFO tailwindcss_oxide::scanner: Reading "/home/z/my-project/skills/aminer-free-academic/SKILL.md"
2026-08-17T06:31:41.549601Z  INFO tailwindcss_oxide::scanner: Reading "/home/z/my-project/skills/interview-prep/references/case.md"
2026-08-17T06:31:41.549610Z  INFO tailwindcss_oxide::scanner: Reading "/home/z/my-project/skills/interview-prep/references/salary_negotiation.md"
2026-08-17T06:31:41.549621Z  INFO tailwindcss_oxide::scanner: Reading "/home/z/my-project/skills/interview-prep/references/technical.md"
2026-08-17T06:31:41.549633Z  INFO tailwindcss_oxide::scanner: Reading "/home/z/my-project/skills/interview-prep/references/role_finance.md"
2026-08-17T06:31:41.549641Z  INFO tailwindcss_oxide::scanner: Reading "/home/z/my-project/skills/interview-prep/references/role_internet.md"
2026-08-17T06:31:41.549655Z  INFO tailwindcss_oxide::scanner: Reading "/home/z/my-project/skills/interview-prep/references/behavioral.md"
2026-08-17T06:31:41.549667Z  INFO tailwindcss_oxide::scanner: Reading "/home/z/my-project/skills/interview-prep/references/hr_round.md"
2026-08-17T06:31:41.549676Z  INFO tailwindcss_oxide::scanner: Reading "/home/z/my-project/skills/interview-prep/references/answer_frameworks.md"
2026-08-17T06:31:41.549684Z  INFO tailwindcss_oxide::scanner: Reading "/home/z/my-project/skills/interview-prep/references/role_tech.md"
2026-08-17T06:31:41.549695Z  INFO tailwindcss_oxide::scanner: Reading "/home/z/my-project/skills/interview-prep/SKILL.md"
2026-08-17T06:31:41.549710Z  INFO tailwindcss_oxide::scanner: Reading "/home/z/my-project/skills/interview-prep/scripts/star_story_builder.py"
2026-08-17T06:31:41.549727Z  INFO tailwindcss_oxide::scanner: Reading "/home/z/my-project/skills/TTS/SKILL.md"
2026-08-17T06:31:41.549780Z  INFO tailwindcss_oxide::scanner: Reading "/home/z/my-project/skills/TTS/tts.ts"
2026-08-17T06:31:41.549786Z  INFO tailwindcss_oxide::scanner: Reading "/home/z/my-project/skills/TTS/LICENSE.txt"
2026-08-17T06:31:41.549995Z  INFO tailwindcss_oxide::scanner: Reading "/home/z/my-project/skills/ui-ux-pro-max/references/upstream-README.md"
2026-08-17T06:31:41.550025Z  INFO tailwindcss_oxide::scanner: Reading "/home/z/my-project/skills/ui-ux-pro-max/references/upstream-skill-content.md"
2026-08-17T06:31:41.550037Z  INFO tailwindcss_oxide::scanner: Reading "/home/z/my-project/skills/ui-ux-pro-max/_meta.json"
2026-08-17T06:31:41.550043Z  INFO tailwindcss_oxide::scanner: Reading "/home/z/my-project/skills/ui-ux-pro-max/SKILL.md"
2026-08-17T06:31:41.550055Z  INFO tailwindcss_oxide::scanner: Reading "/home/z/my-project/skills/ui-ux-pro-max/data/web-interface.csv"
2026-08-17T06:31:41.550078Z  INFO tailwindcss_oxide::scanner: Reading "/home/z/my-project/skills/ui-ux-pro-max/data/typography.csv"
2026-08-17T06:31:41.550086Z  INFO tailwindcss_oxide::scanner: Reading "/home/z/my-project/skills/ui-ux-pro-max/data/landing.csv"
2026-08-17T06:31:41.550098Z  INFO tailwindcss_oxide::scanner: Reading "/home/z/my-project/skills/ui-ux-pro-max/data/icons.csv"
2026-08-17T06:31:41.550119Z  INFO tailwindcss_oxide::scanner: Reading "/home/z/my-project/skills/ui-ux-pro-max/data/ui-reasoning.csv"
2026-08-17T06:31:41.550172Z  INFO tailwindcss_oxide::scanner: Reading "/home/z/my-project/skills/ui-ux-pro-max/data/styles.csv"
2026-08-17T06:31:41.550192Z  INFO tailwindcss_oxide::scanner: Reading "/home/z/my-project/skills/ui-ux-pro-max/data/ux-guidelines.csv"
2026-08-17T06:31:41.550202Z  INFO tailwindcss_oxide::scanner: Reading "/home/z/my-project/skills/ui-ux-pro-max/data/colors.csv"
2026-08-17T06:31:41.550215Z  INFO tailwindcss_oxide::scanner: Reading "/home/z/my-project/skills/ui-ux-pro-max/data/react-performance.csv"
2026-08-17T06:31:41.550234Z  INFO tailwindcss_oxide::scanner: Reading "/home/z/my-project/skills/ui-ux-pro-max/data/products.csv"
2026-08-17T06:31:41.550242Z  INFO tailwindcss_oxide::scanner: Reading "/home/z/my-project/skills/ui-ux-pro-max/data/charts.csv"
2026-08-17T06:31:41.550255Z  INFO tailwindcss_oxide::scanner: Reading "/home/z/my-project/skills/ui-ux-pro-max/data/stacks/react-native.csv"
2026-08-17T06:31:41.550266Z  INFO tailwindcss_oxide::scanner: Reading "/home/z/my-project/skills/ui-ux-pro-max/data/stacks/swiftui.csv"
2026-08-17T06:31:41.550279Z  INFO tailwindcss_oxide::scanner: Reading "/home/z/my-project/skills/ui-ux-pro-max/data/stacks/vue.csv"
2026-08-17T06:31:41.550290Z  INFO tailwindcss_oxide::scanner: Reading "/home/z/my-project/skills/ui-ux-pro-max/data/stacks/react.csv"
2026-08-17T06:31:41.550305Z  INFO tailwindcss_oxide::scanner: Reading "/home/z/my-project/skills/ui-ux-pro-max/data/stacks/shadcn.csv"
2026-08-17T06:31:41.550318Z  INFO tailwindcss_oxide::scanner: Reading "/home/z/my-project/skills/ui-ux-pro-max/data/stacks/nuxt-ui.csv"
2026-08-17T06:31:41.550333Z  INFO tailwindcss_oxide::scanner: Reading "/home/z/my-project/skills/ui-ux-pro-max/data/stacks/astro.csv"
2026-08-17T06:31:41.550346Z  INFO tailwindcss_oxide::scanner: Reading "/home/z/my-project/skills/ui-ux-pro-max/data/stacks/flutter.csv"
2026-08-17T06:31:41.550363Z  INFO tailwindcss_oxide::scanner: Reading "/home/z/my-project/skills/ui-ux-pro-max/data/stacks/nuxtjs.csv"
2026-08-17T06:31:41.550373Z  INFO tailwindcss_oxide::scanner: Reading "/home/z/my-project/skills/ui-ux-pro-max/data/stacks/jetpack-compose.csv"
2026-08-17T06:31:41.550387Z  INFO tailwindcss_oxide::scanner: Reading "/home/z/my-project/skills/ui-ux-pro-max/data/stacks/html-tailwind.csv"
2026-08-17T06:31:41.550404Z  INFO tailwindcss_oxide::scanner: Reading "/home/z/my-project/skills/ui-ux-pro-max/data/stacks/nextjs.csv"
2026-08-17T06:31:41.550416Z  INFO tailwindcss_oxide::scanner: Reading "/home/z/my-project/skills/ui-ux-pro-max/data/stacks/svelte.csv"
2026-08-17T06:31:41.550430Z  INFO tailwindcss_oxide::scanner: Reading "/home/z/my-project/skills/ui-ux-pro-max/assets/data/web-interface.csv"
2026-08-17T06:31:41.550455Z  INFO tailwindcss_oxide::scanner: Reading "/home/z/my-project/skills/ui-ux-pro-max/assets/data/typography.csv"
2026-08-17T06:31:41.550469Z  INFO tailwindcss_oxide::scanner: Reading "/home/z/my-project/skills/ui-ux-pro-max/assets/data/landing.csv"
2026-08-17T06:31:41.550492Z  INFO tailwindcss_oxide::scanner: Reading "/home/z/my-project/skills/ui-ux-pro-max/assets/data/icons.csv"
2026-08-17T06:31:41.550520Z  INFO tailwindcss_oxide::scanner: Reading "/home/z/my-project/skills/ui-ux-pro-max/assets/data/ui-reasoning.csv"
2026-08-17T06:31:41.550578Z  INFO tailwindcss_oxide::scanner: Reading "/home/z/my-project/skills/ui-ux-pro-max/assets/data/styles.csv"
2026-08-17T06:31:41.550595Z  INFO tailwindcss_oxide::scanner: Reading "/home/z/my-project/skills/ui-ux-pro-max/assets/data/ux-guidelines.csv"
2026-08-17T06:31:41.550607Z  INFO tailwindcss_oxide::scanner: Reading "/home/z/my-project/skills/ui-ux-pro-max/assets/data/colors.csv"
2026-08-17T06:31:41.550622Z  INFO tailwindcss_oxide::scanner: Reading "/home/z/my-project/skills/ui-ux-pro-max/assets/data/react-performance.csv"
2026-08-17T06:31:41.550651Z  INFO tailwindcss_oxide::scanner: Reading "/home/z/my-project/skills/ui-ux-pro-max/assets/data/products.csv"
2026-08-17T06:31:41.550663Z  INFO tailwindcss_oxide::scanner: Reading "/home/z/my-project/skills/ui-ux-pro-max/assets/data/charts.csv"
2026-08-17T06:31:41.550677Z  INFO tailwindcss_oxide::scanner: Reading "/home/z/my-project/skills/ui-ux-pro-max/assets/data/stacks/react-native.csv"
2026-08-17T06:31:41.550692Z  INFO tailwindcss_oxide::scanner: Reading "/home/z/my-project/skills/ui-ux-pro-max/assets/data/stacks/swiftui.csv"
2026-08-17T06:31:41.550703Z  INFO tailwindcss_oxide::scanner: Reading "/home/z/my-project/skills/ui-ux-pro-max/assets/data/stacks/vue.csv"
2026-08-17T06:31:41.550719Z  INFO tailwindcss_oxide::scanner: Reading "/home/z/my-project/skills/ui-ux-pro-max/assets/data/stacks/react.csv"
2026-08-17T06:31:41.550733Z  INFO tailwindcss_oxide::scanner: Reading "/home/z/my-project/skills/ui-ux-pro-max/assets/data/stacks/shadcn.csv"
2026-08-17T06:31:41.550746Z  INFO tailwindcss_oxide::scanner: Reading "/home/z/my-project/skills/ui-ux-pro-max/assets/data/stacks/nuxt-ui.csv"
2026-08-17T06:31:41.550759Z  INFO tailwindcss_oxide::scanner: Reading "/home/z/my-project/skills/ui-ux-pro-max/assets/data/stacks/astro.csv"
2026-08-17T06:31:41.550780Z  INFO tailwindcss_oxide::scanner: Reading "/home/z/my-project/skills/ui-ux-pro-max/assets/data/stacks/flutter.csv"
2026-08-17T06:31:41.550799Z  INFO tailwindcss_oxide::scanner: Reading "/home/z/my-project/skills/ui-ux-pro-max/assets/data/stacks/nuxtjs.csv"
2026-08-17T06:31:41.550810Z  INFO tailwindcss_oxide::scanner: Reading "/home/z/my-project/skills/ui-ux-pro-max/assets/data/stacks/jetpack-compose.csv"
2026-08-17T06:31:41.550827Z  INFO tailwindcss_oxide::scanner: Reading "/home/z/my-project/skills/ui-ux-pro-max/assets/data/stacks/html-tailwind.csv"
2026-08-17T06:31:41.550841Z  INFO tailwindcss_oxide::scanner: Reading "/home/z/my-project/skills/ui-ux-pro-max/assets/data/stacks/nextjs.csv"
2026-08-17T06:31:41.550852Z  INFO tailwindcss_oxide::scanner: Reading "/home/z/my-project/skills/ui-ux-pro-max/assets/data/stacks/svelte.csv"
2026-08-17T06:31:41.550885Z  INFO tailwindcss_oxide::scanner: Reading "/home/z/my-project/skills/ui-ux-pro-max/scripts/design_system.py"
2026-08-17T06:31:41.550897Z  INFO tailwindcss_oxide::scanner: Reading "/home/z/my-project/skills/ui-ux-pro-max/scripts/core.py"
2026-08-17T06:31:41.550904Z  INFO tailwindcss_oxide::scanner: Reading "/home/z/my-project/skills/ui-ux-pro-max/scripts/__init__.py"
2026-08-17T06:31:41.550912Z  INFO tailwindcss_oxide::scanner: Reading "/home/z/my-project/skills/ui-ux-pro-max/scripts/search.py"
2026-08-17T06:31:41.550947Z  INFO tailwindcss_oxide::scanner: Reading "/home/z/my-project/skills/version-management/SKILL.md"
2026-08-17T06:31:41.550993Z  INFO tailwindcss_oxide::scanner: Reading "/home/z/my-project/skills/image-edit/SKILL.md"
2026-08-17T06:31:41.551049Z  INFO tailwindcss_oxide::scanner: Reading "/home/z/my-project/skills/image-edit/scripts/image-edit.ts"
2026-08-17T06:31:41.551056Z  INFO tailwindcss_oxide::scanner: Reading "/home/z/my-project/skills/image-edit/LICENSE.txt"
2026-08-17T06:31:41.551070Z  INFO tailwindcss_oxide::scanner: Reading "/home/z/my-project/skills/video-generation/SKILL.md"
2026-08-17T06:31:41.551129Z  INFO tailwindcss_oxide::scanner: Reading "/home/z/my-project/skills/video-generation/scripts/video.ts"
2026-08-17T06:31:41.551136Z  INFO tailwindcss_oxide::scanner: Reading "/home/z/my-project/skills/video-generation/LICENSE.txt"
2026-08-17T06:31:41.551145Z  INFO tailwindcss_oxide::scanner: Reading "/home/z/my-project/skills/fullstack-dev/SKILL.md"
2026-08-17T06:31:41.551159Z  INFO tailwindcss_oxide::scanner: Reading "/home/z/my-project/skills/content-strategy/_meta.json"
2026-08-17T06:31:41.551167Z  INFO tailwindcss_oxide::scanner: Reading "/home/z/my-project/skills/content-strategy/SKILL.md"
2026-08-17T06:31:41.551184Z  INFO tailwindcss_oxide::scanner: Reading "/home/z/my-project/skills/quiz-mastery/skill.yaml"
2026-08-17T06:31:41.551194Z  INFO tailwindcss_oxide::scanner: Reading "/home/z/my-project/skills/quiz-mastery/src/quiz_mastery/file_parser.py"
2026-08-17T06:31:41.551211Z  INFO tailwindcss_oxide::scanner: Reading "/home/z/my-project/skills/quiz-mastery/src/quiz_mastery/service.py"
2026-08-17T06:31:41.551218Z  INFO tailwindcss_oxide::scanner: Reading "/home/z/my-project/skills/quiz-mastery/src/quiz_mastery/repository.py"
2026-08-17T06:31:41.551225Z  INFO tailwindcss_oxide::scanner: Reading "/home/z/my-project/skills/quiz-mastery/src/quiz_mastery/planner.py"
2026-08-17T06:31:41.551234Z  INFO tailwindcss_oxide::scanner: Reading "/home/z/my-project/skills/quiz-mastery/src/quiz_mastery/quiz_generator.py"
2026-08-17T06:31:41.551241Z  INFO tailwindcss_oxide::scanner: Reading "/home/z/my-project/skills/quiz-mastery/src/quiz_mastery/quiz_extractor.py"
2026-08-17T06:31:41.551248Z  INFO tailwindcss_oxide::scanner: Reading "/home/z/my-project/skills/quiz-mastery/src/quiz_mastery/evaluator.py"
2026-08-17T06:31:41.551254Z  INFO tailwindcss_oxide::scanner: Reading "/home/z/my-project/skills/quiz-mastery/src/quiz_mastery/utils.py"
2026-08-17T06:31:41.551260Z  INFO tailwindcss_oxide::scanner: Reading "/home/z/my-project/skills/quiz-mastery/src/quiz_mastery/models.py"
2026-08-17T06:31:41.551265Z  INFO tailwindcss_oxide::scanner: Reading "/home/z/my-project/skills/quiz-mastery/src/quiz_mastery/__init__.py"
2026-08-17T06:31:41.551271Z  INFO tailwindcss_oxide::scanner: Reading "/home/z/my-project/skills/quiz-mastery/src/quiz_mastery/mastery_engine.py"
2026-08-17T06:31:41.551278Z  INFO tailwindcss_oxide::scanner: Reading "/home/z/my-project/skills/quiz-mastery/.claude/settings.json"
2026-08-17T06:31:41.551290Z  INFO tailwindcss_oxide::scanner: Reading "/home/z/my-project/skills/quiz-mastery/SKILL.md"
2026-08-17T06:31:41.551305Z  INFO tailwindcss_oxide::scanner: Reading "/home/z/my-project/skills/quiz-mastery/README.md"
2026-08-17T06:31:41.551315Z  INFO tailwindcss_oxide::scanner: Reading "/home/z/my-project/skills/quiz-mastery/scripts/import_quiz.py"
2026-08-17T06:31:41.551321Z  INFO tailwindcss_oxide::scanner: Reading "/home/z/my-project/skills/quiz-mastery/scripts/generate_from_material.py"
2026-08-17T06:31:41.551326Z  INFO tailwindcss_oxide::scanner: Reading "/home/z/my-project/skills/quiz-mastery/scripts/submit_answers.py"
2026-08-17T06:31:41.551333Z  INFO tailwindcss_oxide::scanner: Reading "/home/z/my-project/skills/quiz-mastery/scripts/run_quiz.py"
2026-08-17T06:31:41.551343Z  INFO tailwindcss_oxide::scanner: Reading "/home/z/my-project/skills/task-review/SKILL.md"
2026-08-17T06:31:41.551357Z  INFO tailwindcss_oxide::scanner: Reading "/home/z/my-project/skills/storyboard-manager/references/story_structures.md"
2026-08-17T06:31:41.551372Z  INFO tailwindcss_oxide::scanner: Reading "/home/z/my-project/skills/storyboard-manager/references/character_development.md"
2026-08-17T06:31:41.551368Z  INFO tailwindcss_oxide::scanner: Reading "/home/z/my-project/skills/design/design-templates/xianying-tool/index.standalone.html"
2026-08-17T06:31:41.551384Z  INFO tailwindcss_oxide::scanner: Reading "/home/z/my-project/skills/storyboard-manager/index.js"
2026-08-17T06:31:41.551391Z  INFO tailwindcss_oxide::scanner: Reading "/home/z/my-project/skills/storyboard-manager/package.json"
2026-08-17T06:31:41.551408Z  INFO tailwindcss_oxide::scanner: Reading "/home/z/my-project/skills/storyboard-manager/SKILL.md"
2026-08-17T06:31:41.551410Z  INFO tailwindcss_oxide::scanner: Reading "/home/z/my-project/skills/design/design-templates/ppt/AGENTS.md"
2026-08-17T06:31:41.551427Z  INFO tailwindcss_oxide::scanner: Reading "/home/z/my-project/skills/design/design-templates/ppt/guizang-ppt/references/styles.md"
2026-08-17T06:31:41.551432Z  INFO tailwindcss_oxide::scanner: Reading "/home/z/my-project/skills/storyboard-manager/scripts/consistency_checker.py"
2026-08-17T06:31:41.551447Z  INFO tailwindcss_oxide::scanner: Reading "/home/z/my-project/skills/design/design-templates/ppt/guizang-ppt/references/themes.md"
2026-08-17T06:31:41.551447Z  INFO tailwindcss_oxide::scanner: Reading "/home/z/my-project/skills/storyboard-manager/scripts/timeline_tracker.py"
2026-08-17T06:31:41.551459Z  INFO tailwindcss_oxide::scanner: Reading "/home/z/my-project/skills/jd-resume-tailor/references/rewrite_principles.md"
2026-08-17T06:31:41.551466Z  INFO tailwindcss_oxide::scanner: Reading "/home/z/my-project/skills/jd-resume-tailor/references/jd_parsing_signals.md"
2026-08-17T06:31:41.551475Z  INFO tailwindcss_oxide::scanner: Reading "/home/z/my-project/skills/design/design-templates/ppt/guizang-ppt/references/components.md"
2026-08-17T06:31:41.551490Z  INFO tailwindcss_oxide::scanner: Reading "/home/z/my-project/skills/jd-resume-tailor/SKILL.md"
2026-08-17T06:31:41.551527Z  INFO tailwindcss_oxide::scanner: Reading "/home/z/my-project/skills/design/design-templates/ppt/guizang-ppt/references/layouts.md"
2026-08-17T06:31:41.551529Z  INFO tailwindcss_oxide::scanner: Reading "/home/z/my-project/skills/jd-resume-tailor/scripts/parse_jd.py"
2026-08-17T06:31:41.551546Z  INFO tailwindcss_oxide::scanner: Reading "/home/z/my-project/skills/jd-resume-tailor/scripts/jd_gap.py"
2026-08-17T06:31:41.551556Z  INFO tailwindcss_oxide::scanner: Reading "/home/z/my-project/skills/gift-evaluator/SKILL.md"
2026-08-17T06:31:41.551559Z  INFO tailwindcss_oxide::scanner: Reading "/home/z/my-project/skills/design/design-templates/ppt/guizang-ppt/references/checklist.md"
2026-08-17T06:31:41.551572Z  INFO tailwindcss_oxide::scanner: Reading "/home/z/my-project/skills/gift-evaluator/html_tools.py"
2026-08-17T06:31:41.551581Z  INFO tailwindcss_oxide::scanner: Reading "/home/z/my-project/skills/design/design-templates/ppt/guizang-ppt/SKILL.md"
2026-08-17T06:31:41.551587Z  INFO tailwindcss_oxide::scanner: Reading "/home/z/my-project/skills/ai-news-collectors/references/sources.md"
2026-08-17T06:31:41.551600Z  INFO tailwindcss_oxide::scanner: Reading "/home/z/my-project/skills/ai-news-collectors/_meta.json"
2026-08-17T06:31:41.551607Z  INFO tailwindcss_oxide::scanner: Reading "/home/z/my-project/skills/ai-news-collectors/SKILL.md"
2026-08-17T06:31:41.551623Z  INFO tailwindcss_oxide::scanner: Reading "/home/z/my-project/skills/design/design-templates/ppt/guizang-ppt/README.pt-BR.md"
2026-08-17T06:31:41.551626Z  INFO tailwindcss_oxide::scanner: Reading "/home/z/my-project/skills/seo-content-writer/references/title-formulas.md"
2026-08-17T06:31:41.551634Z  INFO tailwindcss_oxide::scanner: Reading "/home/z/my-project/skills/design/design-templates/ppt/guizang-ppt/README.md"
2026-08-17T06:31:41.551646Z  INFO tailwindcss_oxide::scanner: Reading "/home/z/my-project/skills/design/design-templates/ppt/guizang-ppt/LICENSE"
2026-08-17T06:31:41.551652Z  INFO tailwindcss_oxide::scanner: Reading "/home/z/my-project/skills/seo-content-writer/references/content-structure-templates.md"
2026-08-17T06:31:41.551670Z  INFO tailwindcss_oxide::scanner: Reading "/home/z/my-project/skills/design/design-templates/ppt/guizang-ppt/assets/template.html"
2026-08-17T06:31:41.551675Z  INFO tailwindcss_oxide::scanner: Reading "/home/z/my-project/skills/seo-content-writer/_meta.json"
2026-08-17T06:31:41.551682Z  INFO tailwindcss_oxide::scanner: Reading "/home/z/my-project/skills/design/design-templates/ppt/guizang-ppt/assets/pattern-slides.html"
2026-08-17T06:31:41.551691Z  INFO tailwindcss_oxide::scanner: Reading "/home/z/my-project/skills/design/design-templates/ppt/guizang-ppt/README.en.md"
2026-08-17T06:31:41.551694Z  INFO tailwindcss_oxide::scanner: Reading "/home/z/my-project/skills/seo-content-writer/SKILL.md"
2026-08-17T06:31:41.551714Z  INFO tailwindcss_oxide::scanner: Reading "/home/z/my-project/skills/design/design-templates/ppt/html-ppt-zhangzara-pin-and-paper/pattern.html"
2026-08-17T06:31:41.551724Z  INFO tailwindcss_oxide::scanner: Reading "/home/z/my-project/skills/design/design-templates/ppt/html-ppt-zhangzara-pin-and-paper/SKILL.md"
2026-08-17T06:31:41.551728Z  INFO tailwindcss_oxide::scanner: Reading "/home/z/my-project/skills/visual-design-foundations/references/color-systems.md"
2026-08-17T06:31:41.551733Z  INFO tailwindcss_oxide::scanner: Reading "/home/z/my-project/skills/design/design-templates/ppt/html-ppt-zhangzara-pin-and-paper/template.json"
2026-08-17T06:31:41.551744Z  INFO tailwindcss_oxide::scanner: Reading "/home/z/my-project/skills/design/design-templates/ppt/html-ppt-zhangzara-pin-and-paper/LICENSE"
2026-08-17T06:31:41.551758Z  INFO tailwindcss_oxide::scanner: Reading "/home/z/my-project/skills/visual-design-foundations/references/typography-systems.md"
2026-08-17T06:31:41.551764Z  INFO tailwindcss_oxide::scanner: Reading "/home/z/my-project/skills/design/design-templates/ppt/html-ppt-zhangzara-pin-and-paper/assets/deck-stage.js"
2026-08-17T06:31:41.551795Z  INFO tailwindcss_oxide::scanner: Reading "/home/z/my-project/skills/visual-design-foundations/references/spacing-iconography.md"
2026-08-17T06:31:41.551811Z  INFO tailwindcss_oxide::scanner: Reading "/home/z/my-project/skills/design/design-templates/ppt/html-ppt-zhangzara-8-bit-orbit/pattern.html"
2026-08-17T06:31:41.551819Z  INFO tailwindcss_oxide::scanner: Reading "/home/z/my-project/skills/design/design-templates/ppt/html-ppt-zhangzara-8-bit-orbit/SKILL.md"
2026-08-17T06:31:41.551828Z  INFO tailwindcss_oxide::scanner: Reading "/home/z/my-project/skills/design/design-templates/ppt/html-ppt-zhangzara-8-bit-orbit/template.json"
2026-08-17T06:31:41.551831Z  INFO tailwindcss_oxide::scanner: Reading "/home/z/my-project/skills/visual-design-foundations/SKILL.md"
2026-08-17T06:31:41.551837Z  INFO tailwindcss_oxide::scanner: Reading "/home/z/my-project/skills/design/design-templates/ppt/html-ppt-zhangzara-8-bit-orbit/LICENSE"
2026-08-17T06:31:41.551865Z  INFO tailwindcss_oxide::scanner: Reading "/home/z/my-project/skills/LLM/SKILL.md"
2026-08-17T06:31:41.551883Z  INFO tailwindcss_oxide::scanner: Reading "/home/z/my-project/skills/design/design-templates/ppt/html-ppt-zhangzara-grove/pattern.html"
2026-08-17T06:31:41.551891Z  INFO tailwindcss_oxide::scanner: Reading "/home/z/my-project/skills/design/design-templates/ppt/html-ppt-zhangzara-grove/SKILL.md"
2026-08-17T06:31:41.551898Z  INFO tailwindcss_oxide::scanner: Reading "/home/z/my-project/skills/design/design-templates/ppt/html-ppt-zhangzara-grove/template.json"
2026-08-17T06:31:41.551907Z  INFO tailwindcss_oxide::scanner: Reading "/home/z/my-project/skills/design/design-templates/ppt/html-ppt-zhangzara-grove/LICENSE"
2026-08-17T06:31:41.551915Z  INFO tailwindcss_oxide::scanner: Reading "/home/z/my-project/skills/LLM/scripts/chat.ts"
2026-08-17T06:31:41.551922Z  INFO tailwindcss_oxide::scanner: Reading "/home/z/my-project/skills/LLM/LICENSE.txt"
2026-08-17T06:31:41.551932Z  INFO tailwindcss_oxide::scanner: Reading "/home/z/my-project/skills/job-intent-tracker/references/keywords_tech.md"
2026-08-17T06:31:41.551934Z  INFO tailwindcss_oxide::scanner: Reading "/home/z/my-project/skills/design/design-templates/ppt/html-ppt-zhangzara-retro-zine/pattern.html"
2026-08-17T06:31:41.551942Z  INFO tailwindcss_oxide::scanner: Reading "/home/z/my-project/skills/job-intent-tracker/references/keywords_internet.md"
2026-08-17T06:31:41.551943Z  INFO tailwindcss_oxide::scanner: Reading "/home/z/my-project/skills/design/design-templates/ppt/html-ppt-zhangzara-retro-zine/SKILL.md"
2026-08-17T06:31:41.551954Z  INFO tailwindcss_oxide::scanner: Reading "/home/z/my-project/skills/job-intent-tracker/references/keywords_finance.md"
2026-08-17T06:31:41.551955Z  INFO tailwindcss_oxide::scanner: Reading "/home/z/my-project/skills/design/design-templates/ppt/html-ppt-zhangzara-retro-zine/template.json"
2026-08-17T06:31:41.551963Z  INFO tailwindcss_oxide::scanner: Reading "/home/z/my-project/skills/job-intent-tracker/references/target_profile_template.md"
2026-08-17T06:31:41.551967Z  INFO tailwindcss_oxide::scanner: Reading "/home/z/my-project/skills/design/design-templates/ppt/html-ppt-zhangzara-retro-zine/LICENSE"
2026-08-17T06:31:41.551972Z  INFO tailwindcss_oxide::scanner: Reading "/home/z/my-project/skills/job-intent-tracker/references/keywords_general.md"
2026-08-17T06:31:41.551975Z  INFO tailwindcss_oxide::scanner: Reading "/home/z/my-project/skills/design/design-templates/ppt/INDEX.md"
2026-08-17T06:31:41.551984Z  INFO tailwindcss_oxide::scanner: Reading "/home/z/my-project/skills/job-intent-tracker/SKILL.md"
2026-08-17T06:31:41.551997Z  INFO tailwindcss_oxide::scanner: Reading "/home/z/my-project/skills/job-intent-tracker/scripts/init_tracker.py"
2026-08-17T06:31:41.552003Z  INFO tailwindcss_oxide::scanner: Reading "/home/z/my-project/skills/job-intent-tracker/scripts/profile_match.py"
2026-08-17T06:31:41.552014Z  INFO tailwindcss_oxide::scanner: Reading "/home/z/my-project/skills/design/design-templates/ppt/html-ppt-zhangzara-retro-windows/pattern.html"
2026-08-17T06:31:41.552024Z  INFO tailwindcss_oxide::scanner: Reading "/home/z/my-project/skills/video-understand/SKILL.md"
2026-08-17T06:31:41.552025Z  INFO tailwindcss_oxide::scanner: Reading "/home/z/my-project/skills/design/design-templates/ppt/html-ppt-zhangzara-retro-windows/SKILL.md"
2026-08-17T06:31:41.552035Z  INFO tailwindcss_oxide::scanner: Reading "/home/z/my-project/skills/design/design-templates/ppt/html-ppt-zhangzara-retro-windows/template.json"
2026-08-17T06:31:41.552043Z  INFO tailwindcss_oxide::scanner: Reading "/home/z/my-project/skills/design/design-templates/ppt/html-ppt-zhangzara-retro-windows/LICENSE"
2026-08-17T06:31:41.552052Z  INFO tailwindcss_oxide::scanner: Reading "/home/z/my-project/skills/design/design-templates/ppt/ib-pitch-book/references/compliance.md"
2026-08-17T06:31:41.552059Z  INFO tailwindcss_oxide::scanner: Reading "/home/z/my-project/skills/design/design-templates/ppt/ib-pitch-book/references/conventions.md"
2026-08-17T06:31:41.552065Z  INFO tailwindcss_oxide::scanner: Reading "/home/z/my-project/skills/design/design-templates/ppt/ib-pitch-book/references/attribution.md"
2026-08-17T06:31:41.552073Z  INFO tailwindcss_oxide::scanner: Reading "/home/z/my-project/skills/design/design-templates/ppt/ib-pitch-book/references/checklist.md"
2026-08-17T06:31:41.552075Z  INFO tailwindcss_oxide::scanner: Reading "/home/z/my-project/skills/video-understand/scripts/video-understand.ts"
2026-08-17T06:31:41.552084Z  INFO tailwindcss_oxide::scanner: Reading "/home/z/my-project/skills/video-understand/LICENSE.txt"
2026-08-17T06:31:41.552116Z  INFO tailwindcss_oxide::scanner: Reading "/home/z/my-project/skills/design/design-templates/ppt/ib-pitch-book/pattern.html"
2026-08-17T06:31:41.552131Z  INFO tailwindcss_oxide::scanner: Reading "/home/z/my-project/skills/design/design-templates/ppt/ib-pitch-book/SKILL.md"
2026-08-17T06:31:41.552143Z  INFO tailwindcss_oxide::scanner: Reading "/home/z/my-project/skills/docx/references/design-system.md"
2026-08-17T06:31:41.552151Z  INFO tailwindcss_oxide::scanner: Reading "/home/z/my-project/skills/design/design-templates/ppt/ib-pitch-book/assets/template.html"
2026-08-17T06:31:41.552182Z  INFO tailwindcss_oxide::scanner: Reading "/home/z/my-project/skills/design/design-templates/ppt/html-ppt-zhangzara-biennale-yellow/pattern.html"
2026-08-17T06:31:41.552187Z  INFO tailwindcss_oxide::scanner: Reading "/home/z/my-project/skills/design/design-templates/ppt/html-ppt-zhangzara-biennale-yellow/SKILL.md"
2026-08-17T06:31:41.552197Z  INFO tailwindcss_oxide::scanner: Reading "/home/z/my-project/skills/design/design-templates/ppt/html-ppt-zhangzara-biennale-yellow/template.json"
2026-08-17T06:31:41.552205Z  INFO tailwindcss_oxide::scanner: Reading "/home/z/my-project/skills/design/design-templates/ppt/html-ppt-zhangzara-biennale-yellow/LICENSE"
2026-08-17T06:31:41.552221Z  INFO tailwindcss_oxide::scanner: Reading "/home/z/my-project/skills/design/design-templates/dot-matrix-xhs/SKILL.md"
2026-08-17T06:31:41.552321Z  INFO tailwindcss_oxide::scanner: Reading "/home/z/my-project/skills/docx/references/decorations.md"
2026-08-17T06:31:41.552360Z  INFO tailwindcss_oxide::scanner: Reading "/home/z/my-project/skills/design/design-templates/dot-matrix-xhs/点阵.html"
2026-08-17T06:31:41.552370Z  INFO tailwindcss_oxide::scanner: Reading "/home/z/my-project/skills/docx/references/ooxml.md"
2026-08-17T06:31:41.552383Z  INFO tailwindcss_oxide::scanner: Reading "/home/z/my-project/skills/docx/references/math-formulas.md"
2026-08-17T06:31:41.552397Z  INFO tailwindcss_oxide::scanner: Reading "/home/z/my-project/skills/design/design-templates/team-okrs/activity-stream.html"
2026-08-17T06:31:41.552401Z  INFO tailwindcss_oxide::scanner: Reading "/home/z/my-project/skills/docx/references/faq.md"
2026-08-17T06:31:41.552406Z  INFO tailwindcss_oxide::scanner: Reading "/home/z/my-project/skills/design/design-templates/team-okrs/SKILL.md"
2026-08-17T06:31:41.552423Z  INFO tailwindcss_oxide::scanner: Reading "/home/z/my-project/skills/docx/references/chart-templates.md"
2026-08-17T06:31:41.552443Z  INFO tailwindcss_oxide::scanner: Reading "/home/z/my-project/skills/docx/references/docx-js-core.md"
2026-08-17T06:31:41.552478Z  INFO tailwindcss_oxide::scanner: Reading "/home/z/my-project/skills/docx/references/docx-js-advanced.md"
2026-08-17T06:31:41.552555Z  INFO tailwindcss_oxide::scanner: Reading "/home/z/my-project/skills/docx/references/common-rules.md"
2026-08-17T06:31:41.552584Z  INFO tailwindcss_oxide::scanner: Reading "/home/z/my-project/skills/design/design-templates/dashboard/stack-dashboard-zh.html"
2026-08-17T06:31:41.552595Z  INFO tailwindcss_oxide::scanner: Reading "/home/z/my-project/skills/design/design-templates/dashboard/SKILL.md"
2026-08-17T06:31:41.552642Z  INFO tailwindcss_oxide::scanner: Reading "/home/z/my-project/skills/design/design-templates/saas-landing/reference.html"
2026-08-17T06:31:41.552646Z  INFO tailwindcss_oxide::scanner: Reading "/home/z/my-project/skills/docx/references/toc.md"
2026-08-17T06:31:41.552650Z  INFO tailwindcss_oxide::scanner: Reading "/home/z/my-project/skills/design/design-templates/saas-landing/SKILL.md"
2026-08-17T06:31:41.552677Z  INFO tailwindcss_oxide::scanner: Reading "/home/z/my-project/skills/docx/scenes/report.md"
2026-08-17T06:31:41.552692Z  INFO tailwindcss_oxide::scanner: Reading "/home/z/my-project/skills/design/design-templates/vr-canvas/reference.html"
2026-08-17T06:31:41.552706Z  INFO tailwindcss_oxide::scanner: Reading "/home/z/my-project/skills/design/design-templates/vr-canvas/SKILL.md"
2026-08-17T06:31:41.552731Z  INFO tailwindcss_oxide::scanner: Reading "/home/z/my-project/skills/docx/scenes/exam.md"
2026-08-17T06:31:41.552762Z  INFO tailwindcss_oxide::scanner: Reading "/home/z/my-project/skills/design/design-templates/vr-canvas/template.html"
2026-08-17T06:31:41.552791Z  INFO tailwindcss_oxide::scanner: Reading "/home/z/my-project/skills/design/design-templates/blog-post/SKILL.md"
2026-08-17T06:31:41.552807Z  INFO tailwindcss_oxide::scanner: Reading "/home/z/my-project/skills/design/design-templates/blog-post/qiye-wildstay.html"
2026-08-17T06:31:41.552817Z  INFO tailwindcss_oxide::scanner: Reading "/home/z/my-project/skills/docx/scenes/resume.md"
2026-08-17T06:31:41.552857Z  INFO tailwindcss_oxide::scanner: Reading "/home/z/my-project/skills/docx/scenes/copywriting.md"
2026-08-17T06:31:41.552875Z  INFO tailwindcss_oxide::scanner: Reading "/home/z/my-project/skills/docx/scenes/official-doc.md"
2026-08-17T06:31:41.552928Z  INFO tailwindcss_oxide::scanner: Reading "/home/z/my-project/skills/docx/scenes/contract.md"
2026-08-17T06:31:41.553004Z  INFO tailwindcss_oxide::scanner: Reading "/home/z/my-project/skills/docx/scenes/academic.md"
2026-08-17T06:31:41.553086Z  INFO tailwindcss_oxide::scanner: Reading "/home/z/my-project/skills/docx/setup.sh"
2026-08-17T06:31:41.553095Z  INFO tailwindcss_oxide::scanner: Reading "/home/z/my-project/skills/docx/SKILL.md"
2026-08-17T06:31:41.553119Z  INFO tailwindcss_oxide::scanner: Reading "/home/z/my-project/skills/docx/scripts/add_toc_placeholders.py"
2026-08-17T06:31:41.553142Z  INFO tailwindcss_oxide::scanner: Reading "/home/z/my-project/skills/docx/scripts/utilities.py"
2026-08-17T06:31:41.553154Z  INFO tailwindcss_oxide::scanner: Reading "/home/z/my-project/skills/docx/scripts/templates/comments.xml"
2026-08-17T06:31:41.553166Z  INFO tailwindcss_oxide::scanner: Reading "/home/z/my-project/skills/docx/scripts/templates/people.xml"
2026-08-17T06:31:41.553175Z  INFO tailwindcss_oxide::scanner: Reading "/home/z/my-project/skills/docx/scripts/templates/commentsExtended.xml"
2026-08-17T06:31:41.553186Z  INFO tailwindcss_oxide::scanner: Reading "/home/z/my-project/skills/docx/scripts/templates/commentsExtensible.xml"
2026-08-17T06:31:41.553194Z  INFO tailwindcss_oxide::scanner: Reading "/home/z/my-project/skills/docx/scripts/templates/commentsIds.xml"
2026-08-17T06:31:41.553229Z  INFO tailwindcss_oxide::scanner: Reading "/home/z/my-project/skills/docx/scripts/postcheck.py"
2026-08-17T06:31:41.553244Z  INFO tailwindcss_oxide::scanner: Reading "/home/z/my-project/skills/docx/scripts/__init__.py"
2026-08-17T06:31:41.553298Z  INFO tailwindcss_oxide::scanner: Reading "/home/z/my-project/skills/docx/scripts/document.py"
2026-08-17T06:31:41.553313Z  INFO tailwindcss_oxide::scanner: Reading "/home/z/my-project/skills/docx/routes/read.md"
2026-08-17T06:31:41.553331Z  INFO tailwindcss_oxide::scanner: Reading "/home/z/my-project/skills/docx/routes/edit.md"
2026-08-17T06:31:41.553350Z  INFO tailwindcss_oxide::scanner: Reading "/home/z/my-project/skills/docx/routes/create.md"
2026-08-17T06:31:41.553387Z  INFO tailwindcss_oxide::scanner: Reading "/home/z/my-project/skills/docx/routes/comment.md"
2026-08-17T06:31:41.553397Z  INFO tailwindcss_oxide::scanner: Reading "/home/z/my-project/skills/docx/routes/format.md"
2026-08-17T06:31:41.553409Z  INFO tailwindcss_oxide::scanner: Reading "/home/z/my-project/skills/docx/LICENSE.txt"
2026-08-17T06:31:41.553422Z  INFO tailwindcss_oxide::scanner: Reading "/home/z/my-project/skills/quiz-html/skill.yaml"
2026-08-17T06:31:41.553431Z  INFO tailwindcss_oxide::scanner: Reading "/home/z/my-project/skills/quiz-html/SKILL.md"
2026-08-17T06:31:41.553510Z  INFO tailwindcss_oxide::scanner: Reading "/home/z/my-project/skills/design/design-templates/blog-post/肌肤专题｜关于屏障的一次重读.html"
2026-08-17T06:31:41.553537Z  INFO tailwindcss_oxide::scanner: Reading "/home/z/my-project/skills/quiz-html/templates/quiz_template.html"
2026-08-17T06:31:41.553543Z  INFO tailwindcss_oxide::scanner: Reading "/home/z/my-project/skills/design/design-templates/social-card-swiss/references/platform-specs.md"
2026-08-17T06:31:41.553557Z  INFO tailwindcss_oxide::scanner: Reading "/home/z/my-project/skills/quiz-html/README.md"
2026-08-17T06:31:41.553564Z  INFO tailwindcss_oxide::scanner: Reading "/home/z/my-project/skills/design/design-templates/social-card-swiss/references/map-component.md"
2026-08-17T06:31:41.553586Z  INFO tailwindcss_oxide::scanner: Reading "/home/z/my-project/skills/design/design-templates/social-card-swiss/references/image-overlay.md"
2026-08-17T06:31:41.553613Z  INFO tailwindcss_oxide::scanner: Reading "/home/z/my-project/skills/design/design-templates/social-card-swiss/references/style-system.md"
2026-08-17T06:31:41.553621Z  INFO tailwindcss_oxide::scanner: Reading "/home/z/my-project/skills/quiz-html/examples/demo.html"
2026-08-17T06:31:41.553634Z  INFO tailwindcss_oxide::scanner: Reading "/home/z/my-project/skills/design/design-templates/social-card-swiss/references/theme-presets.md"
2026-08-17T06:31:41.553640Z  INFO tailwindcss_oxide::scanner: Reading "/home/z/my-project/skills/quiz-html/scripts/build_quiz_html.py"
2026-08-17T06:31:41.553648Z  INFO tailwindcss_oxide::scanner: Reading "/home/z/my-project/skills/design/design-templates/social-card-swiss/references/screenshot-treatment.md"
2026-08-17T06:31:41.553669Z  INFO tailwindcss_oxide::scanner: Reading "/home/z/my-project/skills/xlsx/scenes/finance.md"
2026-08-17T06:31:41.553669Z  INFO tailwindcss_oxide::scanner: Reading "/home/z/my-project/skills/design/design-templates/social-card-swiss/references/title-shortener.md"
2026-08-17T06:31:41.553695Z  INFO tailwindcss_oxide::scanner: Reading "/home/z/my-project/skills/xlsx/scenes/advanced.md"
2026-08-17T06:31:41.553701Z  INFO tailwindcss_oxide::scanner: Reading "/home/z/my-project/skills/design/design-templates/social-card-swiss/references/layout-recipes.md"
2026-08-17T06:31:41.553717Z  INFO tailwindcss_oxide::scanner: Reading "/home/z/my-project/skills/xlsx/scenes/finance_lite.md"
2026-08-17T06:31:41.553737Z  INFO tailwindcss_oxide::scanner: Reading "/home/z/my-project/skills/xlsx/scenes/edit.md"
2026-08-17T06:31:41.553738Z  INFO tailwindcss_oxide::scanner: Reading "/home/z/my-project/skills/design/design-templates/social-card-swiss/references/portrait-fill.md"
2026-08-17T06:31:41.553751Z  INFO tailwindcss_oxide::scanner: Reading "/home/z/my-project/skills/design/design-templates/social-card-swiss/pattern.html"
2026-08-17T06:31:41.553760Z  INFO tailwindcss_oxide::scanner: Reading "/home/z/my-project/skills/design/design-templates/social-card-swiss/SKILL.md"
2026-08-17T06:31:41.553766Z  INFO tailwindcss_oxide::scanner: Reading "/home/z/my-project/skills/xlsx/scenes/edit-patterns.md"
2026-08-17T06:31:41.553793Z  INFO tailwindcss_oxide::scanner: Reading "/home/z/my-project/skills/design/design-templates/social-card-swiss/assets/magazine-bg-webgl.js"
2026-08-17T06:31:41.553806Z  INFO tailwindcss_oxide::scanner: Reading "/home/z/my-project/skills/design/design-templates/project-brief/SKILL.md"
2026-08-17T06:31:41.553808Z  INFO tailwindcss_oxide::scanner: Reading "/home/z/my-project/skills/xlsx/scenes/analyze-recipes.md"
2026-08-17T06:31:41.553830Z  INFO tailwindcss_oxide::scanner: Reading "/home/z/my-project/skills/xlsx/scenes/create.md"
2026-08-17T06:31:41.553831Z  INFO tailwindcss_oxide::scanner: Reading "/home/z/my-project/skills/design/design-templates/project-brief/清言周报-VOL18-notebook.html"
2026-08-17T06:31:41.553853Z  INFO tailwindcss_oxide::scanner: Reading "/home/z/my-project/skills/xlsx/scenes/vba.md"
2026-08-17T06:31:41.553859Z  INFO tailwindcss_oxide::scanner: Reading "/home/z/my-project/skills/design/design-templates/wechat-cover-pair/pattern.html"
2026-08-17T06:31:41.553868Z  INFO tailwindcss_oxide::scanner: Reading "/home/z/my-project/skills/design/design-templates/wechat-cover-pair/SKILL.md"
2026-08-17T06:31:41.553876Z  INFO tailwindcss_oxide::scanner: Reading "/home/z/my-project/skills/xlsx/scenes/analyze.md"
2026-08-17T06:31:41.553881Z  INFO tailwindcss_oxide::scanner: Reading "/home/z/my-project/skills/design/design-templates/digital-eguide/SKILL.md"
2026-08-17T06:31:41.553890Z  INFO tailwindcss_oxide::scanner: Reading "/home/z/my-project/skills/xlsx/scenes/convert.md"
2026-08-17T06:31:41.553918Z  INFO tailwindcss_oxide::scanner: Reading "/home/z/my-project/skills/xlsx/quality/pipeline.md"
2026-08-17T06:31:41.553935Z  INFO tailwindcss_oxide::scanner: Reading "/home/z/my-project/skills/design/design-templates/digital-eguide/case（无限画布：作品集）/case/index.html"
2026-08-17T06:31:41.553940Z  INFO tailwindcss_oxide::scanner: Reading "/home/z/my-project/skills/xlsx/setup.sh"
2026-08-17T06:31:41.553965Z  INFO tailwindcss_oxide::scanner: Reading "/home/z/my-project/skills/xlsx/SKILL.md"
2026-08-17T06:31:41.553989Z  INFO tailwindcss_oxide::scanner: Reading "/home/z/my-project/skills/xlsx/engines/chart.md"
2026-08-17T06:31:41.554016Z  INFO tailwindcss_oxide::scanner: Reading "/home/z/my-project/skills/xlsx/engines/vba-templates.md"
2026-08-17T06:31:41.554047Z  INFO tailwindcss_oxide::scanner: Reading "/home/z/my-project/skills/xlsx/engines/chart-templates.md"
2026-08-17T06:31:41.554087Z  INFO tailwindcss_oxide::scanner: Reading "/home/z/my-project/skills/xlsx/engines/design.md"
2026-08-17T06:31:41.554134Z  INFO tailwindcss_oxide::scanner: Reading "/home/z/my-project/skills/xlsx/templates/palettes.py"
2026-08-17T06:31:41.554156Z  INFO tailwindcss_oxide::scanner: Reading "/home/z/my-project/skills/xlsx/templates/base.py"
2026-08-17T06:31:41.554203Z  INFO tailwindcss_oxide::scanner: Reading "/home/z/my-project/skills/xlsx/xlsx.py"
2026-08-17T06:31:41.554212Z  INFO tailwindcss_oxide::scanner: Reading "/home/z/my-project/skills/xlsx/LICENSE.txt"
2026-08-17T06:31:41.554224Z  INFO tailwindcss_oxide::scanner: Reading "/home/z/my-project/skills/gaokao-recommend-majors/SKILL.md"
2026-08-17T06:31:41.554240Z  INFO tailwindcss_oxide::scanner: Reading "/home/z/my-project/skills/gaokao-recommend-majors/career_reference.md"
2026-08-17T06:31:41.554260Z  INFO tailwindcss_oxide::scanner: Reading "/home/z/my-project/skills/gaokao-recommend-majors/examples/major_recommendation_template.json"
2026-08-17T06:31:41.554275Z  INFO tailwindcss_oxide::scanner: Reading "/home/z/my-project/skills/design/web-tool.md"
2026-08-17T06:31:41.554308Z  INFO tailwindcss_oxide::scanner: Reading "/home/z/my-project/skills/design/info-interactive.md"
2026-08-17T06:31:41.554345Z  INFO tailwindcss_oxide::scanner: Reading "/home/z/my-project/skills/design/horizontal-craft/data-integrity.md"
2026-08-17T06:31:41.554364Z  INFO tailwindcss_oxide::scanner: Reading "/home/z/my-project/skills/design/horizontal-craft/state-coverage.md"
2026-08-17T06:31:41.554394Z  INFO tailwindcss_oxide::scanner: Reading "/home/z/my-project/skills/design/horizontal-craft/laws-of-ux.md"
2026-08-17T06:31:41.554432Z  INFO tailwindcss_oxide::scanner: Reading "/home/z/my-project/skills/design/horizontal-craft/technique-library.md"
2026-08-17T06:31:41.554709Z  INFO tailwindcss_oxide::scanner: Reading "/home/z/my-project/skills/design/horizontal-craft/accessibility.md"
2026-08-17T06:31:41.554727Z  INFO tailwindcss_oxide::scanner: Reading "/home/z/my-project/skills/design/horizontal-craft/animation-discipline.md"
2026-08-17T06:31:41.554758Z  INFO tailwindcss_oxide::scanner: Reading "/home/z/my-project/skills/design/horizontal-craft/icon-system.md"
2026-08-17T06:31:41.554786Z  INFO tailwindcss_oxide::scanner: Reading "/home/z/my-project/skills/design/horizontal-craft/README.md"
2026-08-17T06:31:41.554808Z  INFO tailwindcss_oxide::scanner: Reading "/home/z/my-project/skills/design/horizontal-craft/anti-ai-slop.md"
2026-08-17T06:31:41.554827Z  INFO tailwindcss_oxide::scanner: Reading "/home/z/my-project/skills/design/horizontal-craft/link-and-proof.md"
2026-08-17T06:31:41.554850Z  INFO tailwindcss_oxide::scanner: Reading "/home/z/my-project/skills/design/horizontal-craft/reference/grid-system.md"
2026-08-17T06:31:41.554882Z  INFO tailwindcss_oxide::scanner: Reading "/home/z/my-project/skills/design/horizontal-craft/reference/punctuation.md"
2026-08-17T06:31:41.554925Z  INFO tailwindcss_oxide::scanner: Reading "/home/z/my-project/skills/design/horizontal-craft/reference/directions.md"
2026-08-17T06:31:41.554952Z  INFO tailwindcss_oxide::scanner: Reading "/home/z/my-project/skills/design/horizontal-craft/reference/text-detail.md"
2026-08-17T06:31:41.554982Z  INFO tailwindcss_oxide::scanner: Reading "/home/z/my-project/skills/design/horizontal-craft/reference/title-and-breaking.md"
2026-08-17T06:31:41.555277Z  INFO tailwindcss_oxide::scanner: Reading "/home/z/my-project/skills/design/horizontal-craft/reference/fonts.md"
2026-08-17T06:31:41.555377Z  INFO tailwindcss_oxide::scanner: Reading "/home/z/my-project/skills/design/horizontal-craft/visual-explanation.md"
2026-08-17T06:31:41.555396Z  INFO tailwindcss_oxide::scanner: Reading "/home/z/my-project/skills/design/horizontal-craft/color.md"
2026-08-17T06:31:41.555413Z  INFO tailwindcss_oxide::scanner: Reading "/home/z/my-project/skills/design/horizontal-craft/form-validation.md"
2026-08-17T06:31:41.555437Z  INFO tailwindcss_oxide::scanner: Reading "/home/z/my-project/skills/design/horizontal-craft/chinese-typography.md"
2026-08-17T06:31:41.555477Z  INFO tailwindcss_oxide::scanner: Reading "/home/z/my-project/skills/design/design-system-generation.md"
2026-08-17T06:31:41.555521Z  INFO tailwindcss_oxide::scanner: Reading "/home/z/my-project/skills/design/canvas-and-device.md"
2026-08-17T06:31:41.555544Z  INFO tailwindcss_oxide::scanner: Reading "/home/z/my-project/skills/design/content-page.md"
2026-08-17T06:31:41.555587Z  INFO tailwindcss_oxide::scanner: Reading "/home/z/my-project/skills/design/design-systems/TAG-VOCABULARY.md"
2026-08-17T06:31:41.555621Z  INFO tailwindcss_oxide::scanner: Reading "/home/z/my-project/skills/design/design-systems/brand-inspiration/bugatti/DESIGN.md"
2026-08-17T06:31:41.555689Z  INFO tailwindcss_oxide::scanner: Reading "/home/z/my-project/skills/design/design-systems/brand-inspiration/bugatti/README.md"
2026-08-17T06:31:41.555708Z  INFO tailwindcss_oxide::scanner: Reading "/home/z/my-project/skills/design/design-systems/brand-inspiration/wechat/DESIGN.md"
2026-08-17T06:31:41.555711Z  INFO tailwindcss_oxide::scanner: Reading "/home/z/my-project/skills/design/design-templates/digital-eguide/social-carousel.html"
2026-08-17T06:31:41.555756Z  INFO tailwindcss_oxide::scanner: Reading "/home/z/my-project/skills/design/design-systems/brand-inspiration/cal/DESIGN.md"
2026-08-17T06:31:41.555838Z  INFO tailwindcss_oxide::scanner: Reading "/home/z/my-project/skills/design/design-systems/brand-inspiration/cal/README.md"
2026-08-17T06:31:41.555866Z  INFO tailwindcss_oxide::scanner: Reading "/home/z/my-project/skills/design/design-systems/brand-inspiration/apple/components.html"
2026-08-17T06:31:41.555904Z  INFO tailwindcss_oxide::scanner: Reading "/home/z/my-project/skills/design/design-systems/brand-inspiration/apple/DESIGN.md"
2026-08-17T06:31:41.555980Z  INFO tailwindcss_oxide::scanner: Reading "/home/z/my-project/skills/design/design-systems/brand-inspiration/apple/README.md"
2026-08-17T06:31:41.555996Z  INFO tailwindcss_oxide::scanner: Reading "/home/z/my-project/skills/design/design-systems/brand-inspiration/spotify/components.html"
2026-08-17T06:31:41.556011Z  INFO tailwindcss_oxide::scanner: Reading "/home/z/my-project/skills/design/design-systems/brand-inspiration/spotify/DESIGN.md"
2026-08-17T06:31:41.556035Z  INFO tailwindcss_oxide::scanner: Reading "/home/z/my-project/skills/design/design-systems/brand-inspiration/spotify/README.md"
2026-08-17T06:31:41.556051Z  INFO tailwindcss_oxide::scanner: Reading "/home/z/my-project/skills/design/design-systems/brand-inspiration/notion/components.html"
2026-08-17T06:31:41.556091Z  INFO tailwindcss_oxide::scanner: Reading "/home/z/my-project/skills/design/design-systems/brand-inspiration/notion/DESIGN.md"
2026-08-17T06:31:41.556164Z  INFO tailwindcss_oxide::scanner: Reading "/home/z/my-project/skills/design/design-systems/brand-inspiration/notion/README.md"
2026-08-17T06:31:41.556181Z  INFO tailwindcss_oxide::scanner: Reading "/home/z/my-project/skills/design/design-systems/brand-inspiration/clay/DESIGN.md"
2026-08-17T06:31:41.556240Z  INFO tailwindcss_oxide::scanner: Reading "/home/z/my-project/skills/design/design-systems/brand-inspiration/clay/README.md"
2026-08-17T06:31:41.556258Z  INFO tailwindcss_oxide::scanner: Reading "/home/z/my-project/skills/design/design-systems/brand-inspiration/slack/components.html"
2026-08-17T06:31:41.556273Z  INFO tailwindcss_oxide::scanner: Reading "/home/z/my-project/skills/design/design-systems/brand-inspiration/slack/DESIGN.md"
2026-08-17T06:31:41.556340Z  INFO tailwindcss_oxide::scanner: Reading "/home/z/my-project/skills/design/design-systems/brand-inspiration/voltagent/DESIGN.md"
2026-08-17T06:31:41.556399Z  INFO tailwindcss_oxide::scanner: Reading "/home/z/my-project/skills/design/design-systems/brand-inspiration/voltagent/README.md"
2026-08-17T06:31:41.556414Z  INFO tailwindcss_oxide::scanner: Reading "/home/z/my-project/skills/design/design-systems/brand-inspiration/canva/DESIGN.md"
2026-08-17T06:31:41.556442Z  INFO tailwindcss_oxide::scanner: Reading "/home/z/my-project/skills/design/design-systems/brand-inspiration/coinbase/DESIGN.md"
2026-08-17T06:31:41.556526Z  INFO tailwindcss_oxide::scanner: Reading "/home/z/my-project/skills/design/design-systems/brand-inspiration/coinbase/README.md"
2026-08-17T06:31:41.556554Z  INFO tailwindcss_oxide::scanner: Reading "/home/z/my-project/skills/design/design-systems/brand-inspiration/expo/DESIGN.md"
2026-08-17T06:31:41.556603Z  INFO tailwindcss_oxide::scanner: Reading "/home/z/my-project/skills/design/design-systems/brand-inspiration/expo/README.md"
2026-08-17T06:31:41.556657Z  INFO tailwindcss_oxide::scanner: Reading "/home/z/my-project/skills/design/design-systems/brand-inspiration/airbnb/components.html"
2026-08-17T06:31:41.556671Z  INFO tailwindcss_oxide::scanner: Reading "/home/z/my-project/skills/design/design-systems/brand-inspiration/airbnb/DESIGN.md"
2026-08-17T06:31:41.556734Z  INFO tailwindcss_oxide::scanner: Reading "/home/z/my-project/skills/design/design-systems/brand-inspiration/airbnb/README.md"
2026-08-17T06:31:41.556749Z  INFO tailwindcss_oxide::scanner: Reading "/home/z/my-project/skills/design/design-systems/brand-inspiration/runwayml/DESIGN.md"
2026-08-17T06:31:41.556783Z  INFO tailwindcss_oxide::scanner: Reading "/home/z/my-project/skills/design/design-systems/brand-inspiration/runwayml/README.md"
2026-08-17T06:31:41.556798Z  INFO tailwindcss_oxide::scanner: Reading "/home/z/my-project/skills/design/design-systems/brand-inspiration/loom/DESIGN.md"
2026-08-17T06:31:41.556852Z  INFO tailwindcss_oxide::scanner: Reading "/home/z/my-project/skills/design/design-systems/brand-inspiration/binance/DESIGN.md"
2026-08-17T06:31:41.556941Z  INFO tailwindcss_oxide::scanner: Reading "/home/z/my-project/skills/design/design-systems/brand-inspiration/binance/README.md"
2026-08-17T06:31:41.556959Z  INFO tailwindcss_oxide::scanner: Reading "/home/z/my-project/skills/design/design-systems/brand-inspiration/supabase/DESIGN.md"
2026-08-17T06:31:41.557071Z  INFO tailwindcss_oxide::scanner: Reading "/home/z/my-project/skills/design/design-systems/brand-inspiration/supabase/README.md"
2026-08-17T06:31:41.557095Z  INFO tailwindcss_oxide::scanner: Reading "/home/z/my-project/skills/design/design-systems/brand-inspiration/pinterest/DESIGN.md"
2026-08-17T06:31:41.557174Z  INFO tailwindcss_oxide::scanner: Reading "/home/z/my-project/skills/design/design-systems/brand-inspiration/pinterest/README.md"
2026-08-17T06:31:41.557190Z  INFO tailwindcss_oxide::scanner: Reading "/home/z/my-project/skills/design/design-systems/brand-inspiration/opencode-ai/DESIGN.md"
2026-08-17T06:31:41.557189Z  INFO tailwindcss_oxide::scanner: Reading "/home/z/my-project/skills/design/design-templates/riso-product/reference.html"
2026-08-17T06:31:41.557237Z  INFO tailwindcss_oxide::scanner: Reading "/home/z/my-project/skills/design/design-templates/riso-product/SKILL.md"
2026-08-17T06:31:41.557251Z  INFO tailwindcss_oxide::scanner: Reading "/home/z/my-project/skills/design/design-systems/brand-inspiration/stripe/components.html"
2026-08-17T06:31:41.557272Z  INFO tailwindcss_oxide::scanner: Reading "/home/z/my-project/skills/design/design-templates/social-card-map/pattern.html"
2026-08-17T06:31:41.557280Z  INFO tailwindcss_oxide::scanner: Reading "/home/z/my-project/skills/design/design-templates/social-card-map/SKILL.md"
2026-08-17T06:31:41.557283Z  INFO tailwindcss_oxide::scanner: Reading "/home/z/my-project/skills/design/design-systems/brand-inspiration/stripe/DESIGN.md"
2026-08-17T06:31:41.557305Z  INFO tailwindcss_oxide::scanner: Reading "/home/z/my-project/skills/design/design-templates/INDEX.md"
2026-08-17T06:31:41.557333Z  INFO tailwindcss_oxide::scanner: Reading "/home/z/my-project/skills/design/design-templates/video-shortform/SKILL.md"
2026-08-17T06:31:41.557339Z  INFO tailwindcss_oxide::scanner: Reading "/home/z/my-project/skills/design/design-systems/brand-inspiration/stripe/README.md"
2026-08-17T06:31:41.557356Z  INFO tailwindcss_oxide::scanner: Reading "/home/z/my-project/skills/design/design-systems/brand-inspiration/together-ai/DESIGN.md"
2026-08-17T06:31:41.557358Z  INFO tailwindcss_oxide::scanner: Reading "/home/z/my-project/skills/design/design-templates/video-shortform/video-shortform.html"
2026-08-17T06:31:41.557365Z  INFO tailwindcss_oxide::scanner: Reading "/home/z/my-project/skills/design/design-templates/pricing-page/SKILL.md"
2026-08-17T06:31:41.557395Z  INFO tailwindcss_oxide::scanner: Reading "/home/z/my-project/skills/design/design-templates/pricing-page/pricing-cn.html"
2026-08-17T06:31:41.557406Z  INFO tailwindcss_oxide::scanner: Reading "/home/z/my-project/skills/design/design-templates/social-card-data-kpi/pattern.html"
2026-08-17T06:31:41.557406Z  INFO tailwindcss_oxide::scanner: Reading "/home/z/my-project/skills/design/design-systems/brand-inspiration/claude/DESIGN.md"
2026-08-17T06:31:41.557413Z  INFO tailwindcss_oxide::scanner: Reading "/home/z/my-project/skills/design/design-templates/social-card-data-kpi/SKILL.md"
2026-08-17T06:31:41.557422Z  INFO tailwindcss_oxide::scanner: Reading "/home/z/my-project/skills/design/design-templates/waitlist-page/SKILL.md"
2026-08-17T06:31:41.557476Z  INFO tailwindcss_oxide::scanner: Reading "/home/z/my-project/skills/design/design-systems/brand-inspiration/claude/README.md"
2026-08-17T06:31:41.557519Z  INFO tailwindcss_oxide::scanner: Reading "/home/z/my-project/skills/design/design-systems/brand-inspiration/bmw-m/DESIGN.md"
2026-08-17T06:31:41.557591Z  INFO tailwindcss_oxide::scanner: Reading "/home/z/my-project/skills/design/design-systems/brand-inspiration/bmw-m/README.md"
2026-08-17T06:31:41.557622Z  INFO tailwindcss_oxide::scanner: Reading "/home/z/my-project/skills/design/design-systems/brand-inspiration/composio/DESIGN.md"
2026-08-17T06:31:41.557650Z  INFO tailwindcss_oxide::scanner: Reading "/home/z/my-project/skills/design/design-systems/brand-inspiration/composio/README.md"
2026-08-17T06:31:41.557702Z  INFO tailwindcss_oxide::scanner: Reading "/home/z/my-project/skills/design/design-systems/brand-inspiration/xiaohongshu/DESIGN.md"
2026-08-17T06:31:41.557782Z  INFO tailwindcss_oxide::scanner: Reading "/home/z/my-project/skills/design/design-systems/brand-inspiration/ibm/DESIGN.md"
2026-08-17T06:31:41.557839Z  INFO tailwindcss_oxide::scanner: Reading "/home/z/my-project/skills/design/design-systems/brand-inspiration/ibm/README.md"
2026-08-17T06:31:41.557876Z  INFO tailwindcss_oxide::scanner: Reading "/home/z/my-project/skills/design/design-systems/brand-inspiration/mastercard/DESIGN.md"
2026-08-17T06:31:41.557927Z  INFO tailwindcss_oxide::scanner: Reading "/home/z/my-project/skills/design/design-systems/brand-inspiration/mastercard/README.md"
2026-08-17T06:31:41.557992Z  INFO tailwindcss_oxide::scanner: Reading "/home/z/my-project/skills/design/design-systems/brand-inspiration/replicate/DESIGN.md"
2026-08-17T06:31:41.558067Z  INFO tailwindcss_oxide::scanner: Reading "/home/z/my-project/skills/design/design-systems/brand-inspiration/replicate/README.md"
2026-08-17T06:31:41.558135Z  INFO tailwindcss_oxide::scanner: Reading "/home/z/my-project/skills/design/design-systems/brand-inspiration/vodafone/DESIGN.md"
2026-08-17T06:31:41.558452Z  INFO tailwindcss_oxide::scanner: Reading "/home/z/my-project/skills/design/design-systems/brand-inspiration/vodafone/README.md"
2026-08-17T06:31:41.558471Z  INFO tailwindcss_oxide::scanner: Reading "/home/z/my-project/skills/design/design-systems/brand-inspiration/github/components.html"
2026-08-17T06:31:41.558567Z  INFO tailwindcss_oxide::scanner: Reading "/home/z/my-project/skills/design/design-systems/brand-inspiration/github/DESIGN.md"
2026-08-17T06:31:41.558590Z  INFO tailwindcss_oxide::scanner: Reading "/home/z/my-project/skills/design/design-systems/brand-inspiration/mistral-ai/DESIGN.md"
2026-08-17T06:31:41.558621Z  INFO tailwindcss_oxide::scanner: Reading "/home/z/my-project/skills/design/design-systems/brand-inspiration/spacex/DESIGN.md"
2026-08-17T06:31:41.558647Z  INFO tailwindcss_oxide::scanner: Reading "/home/z/my-project/skills/design/design-systems/brand-inspiration/spacex/README.md"
2026-08-17T06:31:41.558667Z  INFO tailwindcss_oxide::scanner: Reading "/home/z/my-project/skills/design/design-systems/brand-inspiration/figma/components.html"
2026-08-17T06:31:41.558709Z  INFO tailwindcss_oxide::scanner: Reading "/home/z/my-project/skills/design/design-systems/brand-inspiration/figma/DESIGN.md"
2026-08-17T06:31:41.561799Z  INFO tailwindcss_oxide::scanner: Reading "/home/z/my-project/skills/design/design-systems/brand-inspiration/figma/README.md"
2026-08-17T06:31:41.561826Z  INFO tailwindcss_oxide::scanner: Reading "/home/z/my-project/skills/design/design-systems/brand-inspiration/webex/DESIGN.md"
2026-08-17T06:31:41.561908Z  INFO tailwindcss_oxide::scanner: Reading "/home/z/my-project/skills/design/design-systems/brand-inspiration/starbucks/DESIGN.md"
2026-08-17T06:31:41.561966Z  INFO tailwindcss_oxide::scanner: Reading "/home/z/my-project/skills/design/design-systems/brand-inspiration/starbucks/README.md"
2026-08-17T06:31:41.561987Z  INFO tailwindcss_oxide::scanner: Reading "/home/z/my-project/skills/design/design-systems/brand-inspiration/warp/DESIGN.md"
2026-08-17T06:31:41.562031Z  INFO tailwindcss_oxide::scanner: Reading "/home/z/my-project/skills/design/design-systems/brand-inspiration/warp/README.md"
2026-08-17T06:31:41.562051Z  INFO tailwindcss_oxide::scanner: Reading "/home/z/my-project/skills/design/design-systems/brand-inspiration/cursor/components.html"
2026-08-17T06:31:41.562062Z  INFO tailwindcss_oxide::scanner: Reading "/home/z/my-project/skills/design/design-systems/brand-inspiration/cursor/DESIGN.md"
2026-08-17T06:31:41.562108Z  INFO tailwindcss_oxide::scanner: Reading "/home/z/my-project/skills/design/design-systems/brand-inspiration/cursor/README.md"
2026-08-17T06:31:41.562122Z  INFO tailwindcss_oxide::scanner: Reading "/home/z/my-project/skills/design/design-systems/brand-inspiration/lamborghini/DESIGN.md"
2026-08-17T06:31:41.562161Z  INFO tailwindcss_oxide::scanner: Reading "/home/z/my-project/skills/design/design-systems/brand-inspiration/lamborghini/README.md"
2026-08-17T06:31:41.562178Z  INFO tailwindcss_oxide::scanner: Reading "/home/z/my-project/skills/design/design-systems/brand-inspiration/framer/DESIGN.md"
2026-08-17T06:31:41.562234Z  INFO tailwindcss_oxide::scanner: Reading "/home/z/my-project/skills/design/design-systems/brand-inspiration/framer/README.md"
2026-08-17T06:31:41.562248Z  INFO tailwindcss_oxide::scanner: Reading "/home/z/my-project/skills/design/design-systems/brand-inspiration/openai/components.html"
2026-08-17T06:31:41.562260Z  INFO tailwindcss_oxide::scanner: Reading "/home/z/my-project/skills/design/design-systems/brand-inspiration/openai/DESIGN.md"
2026-08-17T06:31:41.562450Z  INFO tailwindcss_oxide::scanner: Reading "/home/z/my-project/skills/design/design-systems/brand-inspiration/ollama/DESIGN.md"
2026-08-17T06:31:41.562542Z  INFO tailwindcss_oxide::scanner: Reading "/home/z/my-project/skills/design/design-systems/brand-inspiration/ollama/README.md"
2026-08-17T06:31:41.562591Z  INFO tailwindcss_oxide::scanner: Reading "/home/z/my-project/skills/design/design-systems/brand-inspiration/playstation/DESIGN.md"
2026-08-17T06:31:41.562665Z  INFO tailwindcss_oxide::scanner: Reading "/home/z/my-project/skills/design/design-systems/brand-inspiration/playstation/README.md"
2026-08-17T06:31:41.562681Z  INFO tailwindcss_oxide::scanner: Reading "/home/z/my-project/skills/design/design-systems/brand-inspiration/perplexity/DESIGN.md"
2026-08-17T06:31:41.562709Z  INFO tailwindcss_oxide::scanner: Reading "/home/z/my-project/skills/design/design-systems/brand-inspiration/opencode.ai/DESIGN.md"
2026-08-17T06:31:41.562753Z  INFO tailwindcss_oxide::scanner: Reading "/home/z/my-project/skills/design/design-systems/brand-inspiration/opencode.ai/README.md"
2026-08-17T06:31:41.562769Z  INFO tailwindcss_oxide::scanner: Reading "/home/z/my-project/skills/design/design-systems/brand-inspiration/revolut/DESIGN.md"
2026-08-17T06:31:41.562836Z  INFO tailwindcss_oxide::scanner: Reading "/home/z/my-project/skills/design/design-systems/brand-inspiration/revolut/README.md"
2026-08-17T06:31:41.562850Z  INFO tailwindcss_oxide::scanner: Reading "/home/z/my-project/skills/design/design-systems/brand-inspiration/arc/DESIGN.md"
2026-08-17T06:31:41.562872Z  INFO tailwindcss_oxide::scanner: Reading "/home/z/my-project/skills/design/design-systems/brand-inspiration/resend/DESIGN.md"
2026-08-17T06:31:41.563031Z  INFO tailwindcss_oxide::scanner: Reading "/home/z/my-project/skills/design/design-systems/brand-inspiration/resend/README.md"
2026-08-17T06:31:41.563050Z  INFO tailwindcss_oxide::scanner: Reading "/home/z/my-project/skills/design/design-systems/brand-inspiration/theverge/DESIGN.md"
2026-08-17T06:31:41.563100Z  INFO tailwindcss_oxide::scanner: Reading "/home/z/my-project/skills/design/design-systems/brand-inspiration/theverge/README.md"
2026-08-17T06:31:41.563137Z  INFO tailwindcss_oxide::scanner: Reading "/home/z/my-project/skills/design/design-systems/brand-inspiration/miro/DESIGN.md"
2026-08-17T06:31:41.563216Z  INFO tailwindcss_oxide::scanner: Reading "/home/z/my-project/skills/design/design-systems/brand-inspiration/miro/README.md"
2026-08-17T06:31:41.563236Z  INFO tailwindcss_oxide::scanner: Reading "/home/z/my-project/skills/design/design-systems/brand-inspiration/x-ai/DESIGN.md"
2026-08-17T06:31:41.563296Z  INFO tailwindcss_oxide::scanner: Reading "/home/z/my-project/skills/design/design-systems/brand-inspiration/together.ai/DESIGN.md"
2026-08-17T06:31:41.563382Z  INFO tailwindcss_oxide::scanner: Reading "/home/z/my-project/skills/design/design-systems/brand-inspiration/together.ai/README.md"
2026-08-17T06:31:41.563416Z  INFO tailwindcss_oxide::scanner: Reading "/home/z/my-project/skills/design/design-systems/brand-inspiration/mistral.ai/DESIGN.md"
2026-08-17T06:31:41.563473Z  INFO tailwindcss_oxide::scanner: Reading "/home/z/my-project/skills/design/design-templates/waitlist-page/层云-waitlist.html"
2026-08-17T06:31:41.563520Z  INFO tailwindcss_oxide::scanner: Reading "/home/z/my-project/skills/design/design-systems/brand-inspiration/mistral.ai/README.md"
2026-08-17T06:31:41.563536Z  INFO tailwindcss_oxide::scanner: Reading "/home/z/my-project/skills/design/design-templates/social-card-quote/pattern.html"
2026-08-17T06:31:41.563543Z  INFO tailwindcss_oxide::scanner: Reading "/home/z/my-project/skills/design/design-systems/brand-inspiration/superhuman/DESIGN.md"
2026-08-17T06:31:41.563567Z  INFO tailwindcss_oxide::scanner: Reading "/home/z/my-project/skills/design/design-templates/social-card-quote/SKILL.md"
2026-08-17T06:31:41.563581Z  INFO tailwindcss_oxide::scanner: Reading "/home/z/my-project/skills/design/design-systems/brand-inspiration/superhuman/README.md"
2026-08-17T06:31:41.563599Z  INFO tailwindcss_oxide::scanner: Reading "/home/z/my-project/skills/design/design-systems/brand-inspiration/mongodb/DESIGN.md"
2026-08-17T06:31:41.563611Z  INFO tailwindcss_oxide::scanner: Reading "/home/z/my-project/skills/design/design-templates/portfolio-detail/reference.html"
2026-08-17T06:31:41.563630Z  INFO tailwindcss_oxide::scanner: Reading "/home/z/my-project/skills/design/design-templates/portfolio-detail/SKILL.md"
2026-08-17T06:31:41.563674Z  INFO tailwindcss_oxide::scanner: Reading "/home/z/my-project/skills/design/design-systems/brand-inspiration/mongodb/README.md"
2026-08-17T06:31:41.563677Z  INFO tailwindcss_oxide::scanner: Reading "/home/z/my-project/skills/design/design-templates/portfolio-detail/template.html"
2026-08-17T06:31:41.563692Z  INFO tailwindcss_oxide::scanner: Reading "/home/z/my-project/skills/design/design-templates/social-carousel/SKILL.md"
2026-08-17T06:31:41.563713Z  INFO tailwindcss_oxide::scanner: Reading "/home/z/my-project/skills/design/design-templates/social-carousel/scroll-gallery.html"
2026-08-17T06:31:41.563717Z  INFO tailwindcss_oxide::scanner: Reading "/home/z/my-project/skills/design/design-systems/brand-inspiration/posthog/DESIGN.md"
2026-08-17T06:31:41.563724Z  INFO tailwindcss_oxide::scanner: Reading "/home/z/my-project/skills/design/design-templates/social-card-editorial/references/platform-specs.md"
2026-08-17T06:31:41.563742Z  INFO tailwindcss_oxide::scanner: Reading "/home/z/my-project/skills/design/design-templates/social-card-editorial/references/map-component.md"
2026-08-17T06:31:41.563761Z  INFO tailwindcss_oxide::scanner: Reading "/home/z/my-project/skills/design/design-templates/social-card-editorial/references/image-overlay.md"
2026-08-17T06:31:41.563797Z  INFO tailwindcss_oxide::scanner: Reading "/home/z/my-project/skills/design/design-templates/social-card-editorial/references/style-system.md"
2026-08-17T06:31:41.563817Z  INFO tailwindcss_oxide::scanner: Reading "/home/z/my-project/skills/design/design-systems/brand-inspiration/posthog/README.md"
2026-08-17T06:31:41.563818Z  INFO tailwindcss_oxide::scanner: Reading "/home/z/my-project/skills/design/design-templates/social-card-editorial/references/theme-presets.md"
2026-08-17T06:31:41.563835Z  INFO tailwindcss_oxide::scanner: Reading "/home/z/my-project/skills/design/design-templates/social-card-editorial/references/screenshot-treatment.md"
2026-08-17T06:31:41.563838Z  INFO tailwindcss_oxide::scanner: Reading "/home/z/my-project/skills/design/design-systems/brand-inspiration/hashicorp/DESIGN.md"
2026-08-17T06:31:41.563856Z  INFO tailwindcss_oxide::scanner: Reading "/home/z/my-project/skills/design/design-templates/social-card-editorial/references/title-shortener.md"
2026-08-17T06:31:41.563882Z  INFO tailwindcss_oxide::scanner: Reading "/home/z/my-project/skills/design/design-templates/social-card-editorial/references/layout-recipes.md"
2026-08-17T06:31:41.563884Z  INFO tailwindcss_oxide::scanner: Reading "/home/z/my-project/skills/design/design-systems/brand-inspiration/hashicorp/README.md"
2026-08-17T06:31:41.563921Z  INFO tailwindcss_oxide::scanner: Reading "/home/z/my-project/skills/design/design-templates/social-card-editorial/references/portrait-fill.md"
2026-08-17T06:31:41.563935Z  INFO tailwindcss_oxide::scanner: Reading "/home/z/my-project/skills/design/design-templates/social-card-editorial/pattern.html"
2026-08-17T06:31:41.563935Z  INFO tailwindcss_oxide::scanner: Reading "/home/z/my-project/skills/design/design-systems/brand-inspiration/raycast/DESIGN.md"
2026-08-17T06:31:41.563942Z  INFO tailwindcss_oxide::scanner: Reading "/home/z/my-project/skills/design/design-templates/social-card-editorial/SKILL.md"
2026-08-17T06:31:41.563956Z  INFO tailwindcss_oxide::scanner: Reading "/home/z/my-project/skills/design/design-templates/social-card-editorial/assets/magazine-bg-webgl.js"
2026-08-17T06:31:41.563965Z  INFO tailwindcss_oxide::scanner: Reading "/home/z/my-project/skills/design/design-templates/audio-jingle/SKILL.md"
2026-08-17T06:31:41.563983Z  INFO tailwindcss_oxide::scanner: Reading "/home/z/my-project/skills/design/design-templates/audio-jingle/music-player.html"
2026-08-17T06:31:41.563995Z  INFO tailwindcss_oxide::scanner: Reading "/home/z/my-project/skills/design/design-templates/social-card-screenshot-explainer/pattern.html"
2026-08-17T06:31:41.564002Z  INFO tailwindcss_oxide::scanner: Reading "/home/z/my-project/skills/design/design-templates/social-card-screenshot-explainer/SKILL.md"
2026-08-17T06:31:41.564018Z  INFO tailwindcss_oxide::scanner: Reading "/home/z/my-project/skills/design/design-systems/brand-inspiration/raycast/README.md"
2026-08-17T06:31:41.564034Z  INFO tailwindcss_oxide::scanner: Reading "/home/z/my-project/skills/design/design-systems/brand-inspiration/kami/components.html"
2026-08-17T06:31:41.564046Z  INFO tailwindcss_oxide::scanner: Reading "/home/z/my-project/skills/design/design-systems/brand-inspiration/kami/DESIGN.md"
2026-08-17T06:31:41.564048Z  INFO tailwindcss_oxide::scanner: Reading "/home/z/my-project/skills/design/design-templates/industrial-archive/reference.html"
2026-08-17T06:31:41.564057Z  INFO tailwindcss_oxide::scanner: Reading "/home/z/my-project/skills/design/design-templates/industrial-archive/styles.md"
2026-08-17T06:31:41.564084Z  INFO tailwindcss_oxide::scanner: Reading "/home/z/my-project/skills/design/design-templates/industrial-archive/SKILL.md"
2026-08-17T06:31:41.564112Z  INFO tailwindcss_oxide::scanner: Reading "/home/z/my-project/skills/design/design-systems/brand-inspiration/nvidia/DESIGN.md"
2026-08-17T06:31:41.564144Z  INFO tailwindcss_oxide::scanner: Reading "/home/z/my-project/skills/design/design-templates/industrial-archive/template.html"
2026-08-17T06:31:41.564153Z  INFO tailwindcss_oxide::scanner: Reading "/home/z/my-project/skills/design/design-templates/social-card-image-led/pattern.html"
2026-08-17T06:31:41.564159Z  INFO tailwindcss_oxide::scanner: Reading "/home/z/my-project/skills/design/design-templates/social-card-image-led/SKILL.md"
2026-08-17T06:31:41.564168Z  INFO tailwindcss_oxide::scanner: Reading "/home/z/my-project/skills/design/design-templates/html-ppt-xhs-post/SKILL.md"
2026-08-17T06:31:41.564186Z  INFO tailwindcss_oxide::scanner: Reading "/home/z/my-project/skills/design/design-templates/html-ppt-xhs-post/xhs-cover-spring.html"
2026-08-17T06:31:41.564187Z  INFO tailwindcss_oxide::scanner: Reading "/home/z/my-project/skills/design/design-systems/brand-inspiration/nvidia/README.md"
2026-08-17T06:31:41.564199Z  INFO tailwindcss_oxide::scanner: Reading "/home/z/my-project/skills/design/design-templates/html-ppt-xhs-post/xhs-cover-typography.html"
2026-08-17T06:31:41.564204Z  INFO tailwindcss_oxide::scanner: Reading "/home/z/my-project/skills/design/design-systems/brand-inspiration/cohere/DESIGN.md"
2026-08-17T06:31:41.564234Z  INFO tailwindcss_oxide::scanner: Reading "/home/z/my-project/skills/design/design-templates/ascii-cosmos/reference.html"
2026-08-17T06:31:41.564231Z  INFO tailwindcss_oxide::scanner: Reading "/home/z/my-project/skills/design/design-systems/brand-inspiration/cohere/README.md"
2026-08-17T06:31:41.564246Z  INFO tailwindcss_oxide::scanner: Reading "/home/z/my-project/skills/design/design-templates/ascii-cosmos/styles.md"
2026-08-17T06:31:41.564276Z  INFO tailwindcss_oxide::scanner: Reading "/home/z/my-project/skills/design/design-templates/ascii-cosmos/SKILL.md"
2026-08-17T06:31:41.564286Z  INFO tailwindcss_oxide::scanner: Reading "/home/z/my-project/skills/design/design-systems/brand-inspiration/minimax/DESIGN.md"
2026-08-17T06:31:41.564322Z  INFO tailwindcss_oxide::scanner: Reading "/home/z/my-project/skills/design/design-templates/ascii-cosmos/template.html"
2026-08-17T06:31:41.564333Z  INFO tailwindcss_oxide::scanner: Reading "/home/z/my-project/skills/aminer-daily-paper/SKILL.md"
2026-08-17T06:31:41.564353Z  INFO tailwindcss_oxide::scanner: Reading "/home/z/my-project/skills/aminer-daily-paper/README.md"
2026-08-17T06:31:41.564443Z  INFO tailwindcss_oxide::scanner: Reading "/home/z/my-project/skills/aminer-daily-paper/commands/aminer-dp.md"
2026-08-17T06:31:41.564454Z  INFO tailwindcss_oxide::scanner: Reading "/home/z/my-project/skills/aminer-daily-paper/scripts/constants.py"
2026-08-17T06:31:41.564455Z  INFO tailwindcss_oxide::scanner: Reading "/home/z/my-project/skills/design/design-systems/brand-inspiration/minimax/README.md"
2026-08-17T06:31:41.564476Z  INFO tailwindcss_oxide::scanner: Reading "/home/z/my-project/skills/design/design-systems/brand-inspiration/sanity/DESIGN.md"
2026-08-17T06:31:41.564549Z  INFO tailwindcss_oxide::scanner: Reading "/home/z/my-project/skills/design/design-systems/brand-inspiration/sanity/README.md"
2026-08-17T06:31:41.564565Z  INFO tailwindcss_oxide::scanner: Reading "/home/z/my-project/skills/design/design-systems/brand-inspiration/uber/components.html"
2026-08-17T06:31:41.564581Z  INFO tailwindcss_oxide::scanner: Reading "/home/z/my-project/skills/design/design-systems/brand-inspiration/uber/DESIGN.md"
2026-08-17T06:31:41.564645Z  INFO tailwindcss_oxide::scanner: Reading "/home/z/my-project/skills/design/design-systems/brand-inspiration/uber/README.md"
2026-08-17T06:31:41.564660Z  INFO tailwindcss_oxide::scanner: Reading "/home/z/my-project/skills/design/design-systems/brand-inspiration/intercom/DESIGN.md"
2026-08-17T06:31:41.564677Z  INFO tailwindcss_oxide::scanner: Reading "/home/z/my-project/skills/aminer-daily-paper/scripts/handle_trigger.py"
2026-08-17T06:31:41.564693Z  INFO tailwindcss_oxide::scanner: Reading "/home/z/my-project/skills/aminer-daily-paper/scripts/rec5_api.py"
2026-08-17T06:31:41.564701Z  INFO tailwindcss_oxide::scanner: Reading "/home/z/my-project/skills/aminer-daily-paper/scripts/common.py"
2026-08-17T06:31:41.564709Z  INFO tailwindcss_oxide::scanner: Reading "/home/z/my-project/skills/aminer-daily-paper/scripts/__init__.py"
2026-08-17T06:31:41.564714Z  INFO tailwindcss_oxide::scanner: Reading "/home/z/my-project/skills/design/design-systems/brand-inspiration/intercom/README.md"
2026-08-17T06:31:41.564717Z  INFO tailwindcss_oxide::scanner: Reading "/home/z/my-project/skills/aminer-daily-paper/scripts/run_pipeline.py"
2026-08-17T06:31:41.564731Z  INFO tailwindcss_oxide::scanner: Reading "/home/z/my-project/skills/aminer-daily-paper/prompts/enrich.md"
2026-08-17T06:31:41.564733Z  INFO tailwindcss_oxide::scanner: Reading "/home/z/my-project/skills/design/design-systems/brand-inspiration/renault/DESIGN.md"
2026-08-17T06:31:41.564744Z  INFO tailwindcss_oxide::scanner: Reading "/home/z/my-project/skills/aminer-daily-paper/requirements.txt"
2026-08-17T06:31:41.564756Z  INFO tailwindcss_oxide::scanner: Reading "/home/z/my-project/skills/stock-analysis-skill/src/dataFetcher.ts"
2026-08-17T06:31:41.564766Z  INFO tailwindcss_oxide::scanner: Reading "/home/z/my-project/skills/stock-analysis-skill/src/rumorScanner.ts"
2026-08-17T06:31:41.564797Z  INFO tailwindcss_oxide::scanner: Reading "/home/z/my-project/skills/stock-analysis-skill/src/index.ts"
2026-08-17T06:31:41.564807Z  INFO tailwindcss_oxide::scanner: Reading "/home/z/my-project/skills/stock-analysis-skill/src/types.ts"
2026-08-17T06:31:41.564811Z  INFO tailwindcss_oxide::scanner: Reading "/home/z/my-project/skills/design/design-systems/brand-inspiration/renault/README.md"
2026-08-17T06:31:41.564825Z  INFO tailwindcss_oxide::scanner: Reading "/home/z/my-project/skills/stock-analysis-skill/src/dividend.ts"
2026-08-17T06:31:41.564834Z  INFO tailwindcss_oxide::scanner: Reading "/home/z/my-project/skills/design/design-systems/brand-inspiration/clickhouse/DESIGN.md"
2026-08-17T06:31:41.564840Z  INFO tailwindcss_oxide::scanner: Reading "/home/z/my-project/skills/stock-analysis-skill/src/analyzer.ts"
2026-08-17T06:31:41.564863Z  INFO tailwindcss_oxide::scanner: Reading "/home/z/my-project/skills/stock-analysis-skill/src/watchlist.ts"
2026-08-17T06:31:41.564869Z  INFO tailwindcss_oxide::scanner: Reading "/home/z/my-project/skills/stock-analysis-skill/package.json"
2026-08-17T06:31:41.564880Z  INFO tailwindcss_oxide::scanner: Reading "/home/z/my-project/skills/stock-analysis-skill/SKILL.md"
2026-08-17T06:31:41.564893Z  INFO tailwindcss_oxide::scanner: Reading "/home/z/my-project/skills/stock-analysis-skill/tsconfig.json"
2026-08-17T06:31:41.564902Z  INFO tailwindcss_oxide::scanner: Reading "/home/z/my-project/skills/design/design-systems/brand-inspiration/clickhouse/README.md"
2026-08-17T06:31:41.564909Z  INFO tailwindcss_oxide::scanner: Reading "/home/z/my-project/skills/research-explorer/SKILL.md"
2026-08-17T06:31:41.564925Z  INFO tailwindcss_oxide::scanner: Reading "/home/z/my-project/skills/contentanalysis/SKILL.md"
2026-08-17T06:31:41.564925Z  INFO tailwindcss_oxide::scanner: Reading "/home/z/my-project/skills/design/design-systems/brand-inspiration/nike/DESIGN.md"
2026-08-17T06:31:41.564938Z  INFO tailwindcss_oxide::scanner: Reading "/home/z/my-project/skills/contentanalysis/ExtractWisdom/Workflows/Extract.md"
2026-08-17T06:31:41.564955Z  INFO tailwindcss_oxide::scanner: Reading "/home/z/my-project/skills/contentanalysis/ExtractWisdom/SKILL.md"
2026-08-17T06:31:41.564979Z  INFO tailwindcss_oxide::scanner: Reading "/home/z/my-project/skills/multi-search-engine/metadata.json"
2026-08-17T06:31:41.564994Z  INFO tailwindcss_oxide::scanner: Reading "/home/z/my-project/skills/design/design-systems/brand-inspiration/nike/README.md"
2026-08-17T06:31:41.564998Z  INFO tailwindcss_oxide::scanner: Reading "/home/z/my-project/skills/multi-search-engine/references/international-search.md"
2026-08-17T06:31:41.565012Z  INFO tailwindcss_oxide::scanner: Reading "/home/z/my-project/skills/design/design-systems/brand-inspiration/wired/DESIGN.md"
2026-08-17T06:31:41.565037Z  INFO tailwindcss_oxide::scanner: Reading "/home/z/my-project/skills/multi-search-engine/CHANNELLOG.md"
2026-08-17T06:31:41.565046Z  INFO tailwindcss_oxide::scanner: Reading "/home/z/my-project/skills/multi-search-engine/CHANGELOG.md"
2026-08-17T06:31:41.565052Z  INFO tailwindcss_oxide::scanner: Reading "/home/z/my-project/skills/multi-search-engine/_meta.json"
2026-08-17T06:31:41.565058Z  INFO tailwindcss_oxide::scanner: Reading "/home/z/my-project/skills/multi-search-engine/SKILL.md"
2026-08-17T06:31:41.565065Z  INFO tailwindcss_oxide::scanner: Reading "/home/z/my-project/skills/design/design-systems/brand-inspiration/wired/README.md"
2026-08-17T06:31:41.565068Z  INFO tailwindcss_oxide::scanner: Reading "/home/z/my-project/skills/multi-search-engine/config.json"
2026-08-17T06:31:41.565085Z  INFO tailwindcss_oxide::scanner: Reading "/home/z/my-project/skills/pdf/references/resume-academic.tex"
2026-08-17T06:31:41.565085Z  INFO tailwindcss_oxide::scanner: Reading "/home/z/my-project/skills/design/design-systems/brand-inspiration/cisco/DESIGN.md"
2026-08-17T06:31:41.565094Z  INFO tailwindcss_oxide::scanner: Reading "/home/z/my-project/skills/pdf/references/resume-altacv.tex"
2026-08-17T06:31:41.565128Z  INFO tailwindcss_oxide::scanner: Reading "/home/z/my-project/skills/design/design-systems/brand-inspiration/x.ai/DESIGN.md"
2026-08-17T06:31:41.565156Z  INFO tailwindcss_oxide::scanner: Reading "/home/z/my-project/skills/pdf/briefs/report.md"
2026-08-17T06:31:41.565179Z  INFO tailwindcss_oxide::scanner: Reading "/home/z/my-project/skills/design/design-systems/brand-inspiration/x.ai/README.md"
2026-08-17T06:31:41.565203Z  INFO tailwindcss_oxide::scanner: Reading "/home/z/my-project/skills/design/design-systems/brand-inspiration/linear-app/components.html"
2026-08-17T06:31:41.565217Z  INFO tailwindcss_oxide::scanner: Reading "/home/z/my-project/skills/design/design-systems/brand-inspiration/linear-app/DESIGN.md"
2026-08-17T06:31:41.565238Z  INFO tailwindcss_oxide::scanner: Reading "/home/z/my-project/skills/pdf/briefs/poster.md"
2026-08-17T06:31:41.565260Z  INFO tailwindcss_oxide::scanner: Reading "/home/z/my-project/skills/design/design-systems/brand-inspiration/huggingface/DESIGN.md"
2026-08-17T06:31:41.565293Z  INFO tailwindcss_oxide::scanner: Reading "/home/z/my-project/skills/pdf/briefs/creative.md"
2026-08-17T06:31:41.565313Z  INFO tailwindcss_oxide::scanner: Reading "/home/z/my-project/skills/design/design-systems/brand-inspiration/meta/DESIGN.md"
2026-08-17T06:31:41.565382Z  INFO tailwindcss_oxide::scanner: Reading "/home/z/my-project/skills/pdf/briefs/creative-fixed-canvas.md"
2026-08-17T06:31:41.565390Z  INFO tailwindcss_oxide::scanner: Reading "/home/z/my-project/skills/design/design-systems/brand-inspiration/meta/README.md"
2026-08-17T06:31:41.565403Z  INFO tailwindcss_oxide::scanner: Reading "/home/z/my-project/skills/design/design-systems/brand-inspiration/duolingo/DESIGN.md"
2026-08-17T06:31:41.565426Z  INFO tailwindcss_oxide::scanner: Reading "/home/z/my-project/skills/design/design-systems/brand-inspiration/vercel/components.html"
2026-08-17T06:31:41.565438Z  INFO tailwindcss_oxide::scanner: Reading "/home/z/my-project/skills/pdf/briefs/resume.md"
2026-08-17T06:31:41.565453Z  INFO tailwindcss_oxide::scanner: Reading "/home/z/my-project/skills/pdf/briefs/process.md"
2026-08-17T06:31:41.565460Z  INFO tailwindcss_oxide::scanner: Reading "/home/z/my-project/skills/design/design-systems/brand-inspiration/vercel/DESIGN.md"
2026-08-17T06:31:41.565472Z  INFO tailwindcss_oxide::scanner: Reading "/home/z/my-project/skills/pdf/briefs/creative-flow.md"
2026-08-17T06:31:41.565504Z  INFO tailwindcss_oxide::scanner: Reading "/home/z/my-project/skills/pdf/briefs/academic.md"
2026-08-17T06:31:41.565591Z  INFO tailwindcss_oxide::scanner: Reading "/home/z/my-project/skills/design/design-systems/brand-inspiration/vercel/README.md"
2026-08-17T06:31:41.565609Z  INFO tailwindcss_oxide::scanner: Reading "/home/z/my-project/skills/design/design-systems/brand-inspiration/ferrari/DESIGN.md"
2026-08-17T06:31:41.565623Z  INFO tailwindcss_oxide::scanner: Reading "/home/z/my-project/skills/pdf/typesetting/palette.md"
2026-08-17T06:31:41.565643Z  INFO tailwindcss_oxide::scanner: Reading "/home/z/my-project/skills/pdf/typesetting/cover-backgrounds.md"
2026-08-17T06:31:41.565645Z  INFO tailwindcss_oxide::scanner: Reading "/home/z/my-project/skills/design/design-systems/brand-inspiration/ferrari/README.md"
2026-08-17T06:31:41.565660Z  INFO tailwindcss_oxide::scanner: Reading "/home/z/my-project/skills/pdf/typesetting/charts.md"
2026-08-17T06:31:41.565672Z  INFO tailwindcss_oxide::scanner: Reading "/home/z/my-project/skills/pdf/typesetting/typography.md"
2026-08-17T06:31:41.565687Z  INFO tailwindcss_oxide::scanner: Reading "/home/z/my-project/skills/design/design-systems/brand-inspiration/mintlify/DESIGN.md"
2026-08-17T06:31:41.565713Z  INFO tailwindcss_oxide::scanner: Reading "/home/z/my-project/skills/pdf/typesetting/cover.md"
2026-08-17T06:31:41.565779Z  INFO tailwindcss_oxide::scanner: Reading "/home/z/my-project/skills/pdf/typesetting/overflow.md"
2026-08-17T06:31:41.565797Z  INFO tailwindcss_oxide::scanner: Reading "/home/z/my-project/skills/design/design-systems/brand-inspiration/mintlify/README.md"
2026-08-17T06:31:41.565807Z  INFO tailwindcss_oxide::scanner: Reading "/home/z/my-project/skills/pdf/typesetting/geometry.md"
2026-08-17T06:31:41.565819Z  INFO tailwindcss_oxide::scanner: Reading "/home/z/my-project/skills/pdf/typesetting/pagination.md"
2026-08-17T06:31:41.565821Z  INFO tailwindcss_oxide::scanner: Reading "/home/z/my-project/skills/design/design-systems/brand-inspiration/lovable/DESIGN.md"
2026-08-17T06:31:41.565836Z  INFO tailwindcss_oxide::scanner: Reading "/home/z/my-project/skills/pdf/typesetting/fill-engine.md"
2026-08-17T06:31:41.565849Z  INFO tailwindcss_oxide::scanner: Reading "/home/z/my-project/skills/design/design-systems/brand-inspiration/lovable/README.md"
2026-08-17T06:31:41.565868Z  INFO tailwindcss_oxide::scanner: Reading "/home/z/my-project/skills/design/design-systems/brand-inspiration/shopify/components.html"
2026-08-17T06:31:41.565882Z  INFO tailwindcss_oxide::scanner: Reading "/home/z/my-project/skills/design/design-systems/brand-inspiration/shopify/DESIGN.md"
2026-08-17T06:31:41.565903Z  INFO tailwindcss_oxide::scanner: Reading "/home/z/my-project/skills/pdf/SKILL.md"
2026-08-17T06:31:41.565939Z  INFO tailwindcss_oxide::scanner: Reading "/home/z/my-project/skills/design/design-systems/brand-inspiration/shopify/README.md"
2026-08-17T06:31:41.565955Z  INFO tailwindcss_oxide::scanner: Reading "/home/z/my-project/skills/design/design-systems/brand-inspiration/webflow/DESIGN.md"
2026-08-17T06:31:41.565964Z  INFO tailwindcss_oxide::scanner: Reading "/home/z/my-project/skills/pdf/env_setup/setup.md"
2026-08-17T06:31:41.565980Z  INFO tailwindcss_oxide::scanner: Reading "/home/z/my-project/skills/pdf/env_setup/setup_windows.ps1"
2026-08-17T06:31:41.565987Z  INFO tailwindcss_oxide::scanner: Reading "/home/z/my-project/skills/pdf/env_setup/env_check.sh"
2026-08-17T06:31:41.565994Z  INFO tailwindcss_oxide::scanner: Reading "/home/z/my-project/skills/pdf/env_setup/font_list.txt"
2026-08-17T06:31:41.566000Z  INFO tailwindcss_oxide::scanner: Reading "/home/z/my-project/skills/pdf/env_setup/setup_mac_linux.sh"
2026-08-17T06:31:41.566011Z  INFO tailwindcss_oxide::scanner: Reading "/home/z/my-project/skills/pdf/scripts/cover_validate.js"
2026-08-17T06:31:41.566018Z  INFO tailwindcss_oxide::scanner: Reading "/home/z/my-project/skills/design/design-systems/brand-inspiration/webflow/README.md"
2026-08-17T06:31:41.566020Z  INFO tailwindcss_oxide::scanner: Reading "/home/z/my-project/skills/pdf/scripts/setup.sh"
2026-08-17T06:31:41.566036Z  INFO tailwindcss_oxide::scanner: Reading "/home/z/my-project/skills/pdf/scripts/html2poster.js"
2026-08-17T06:31:41.566041Z  INFO tailwindcss_oxide::scanner: Reading "/home/z/my-project/skills/design/design-systems/brand-inspiration/zapier/DESIGN.md"
2026-08-17T06:31:41.566086Z  INFO tailwindcss_oxide::scanner: Reading "/home/z/my-project/skills/pdf/scripts/poster_validate.py"
2026-08-17T06:31:41.566099Z  INFO tailwindcss_oxide::scanner: Reading "/home/z/my-project/skills/pdf/scripts/pdf_qa.py"
2026-08-17T06:31:41.566099Z  INFO tailwindcss_oxide::scanner: Reading "/home/z/my-project/skills/design/design-systems/brand-inspiration/zapier/README.md"
2026-08-17T06:31:41.566116Z  INFO tailwindcss_oxide::scanner: Reading "/home/z/my-project/skills/design/design-systems/brand-inspiration/wise/DESIGN.md"
2026-08-17T06:31:41.566175Z  INFO tailwindcss_oxide::scanner: Reading "/home/z/my-project/skills/pdf/scripts/design_engine.py"
2026-08-17T06:31:41.566176Z  INFO tailwindcss_oxide::scanner: Reading "/home/z/my-project/skills/design/design-systems/brand-inspiration/wise/README.md"
2026-08-17T06:31:41.566199Z  INFO tailwindcss_oxide::scanner: Reading "/home/z/my-project/skills/design/design-systems/brand-inspiration/tesla/DESIGN.md"
2026-08-17T06:31:41.566247Z  INFO tailwindcss_oxide::scanner: Reading "/home/z/my-project/skills/pdf/scripts/pdf.py"
2026-08-17T06:31:41.566261Z  INFO tailwindcss_oxide::scanner: Reading "/home/z/my-project/skills/design/design-systems/brand-inspiration/tesla/README.md"
2026-08-17T06:31:41.566278Z  INFO tailwindcss_oxide::scanner: Reading "/home/z/my-project/skills/design/design-systems/brand-inspiration/bmw/DESIGN.md"
2026-08-17T06:31:41.566301Z  INFO tailwindcss_oxide::scanner: Reading "/home/z/my-project/skills/pdf/scripts/toc_validate.py"
2026-08-17T06:31:41.566325Z  INFO tailwindcss_oxide::scanner: Reading "/home/z/my-project/skills/pdf/scripts/html2pdf-next.js"
2026-08-17T06:31:41.566339Z  INFO tailwindcss_oxide::scanner: Reading "/home/z/my-project/skills/pdf/configs/visual_framework.md"
2026-08-17T06:31:41.566340Z  INFO tailwindcss_oxide::scanner: Reading "/home/z/my-project/skills/design/design-systems/brand-inspiration/bmw/README.md"
2026-08-17T06:31:41.566359Z  INFO tailwindcss_oxide::scanner: Reading "/home/z/my-project/skills/pdf/configs/fonts.md"
2026-08-17T06:31:41.566360Z  INFO tailwindcss_oxide::scanner: Reading "/home/z/my-project/skills/design/design-systems/brand-inspiration/elevenlabs/DESIGN.md"
2026-08-17T06:31:41.566373Z  INFO tailwindcss_oxide::scanner: Reading "/home/z/my-project/skills/pdf/configs/components.md"
2026-08-17T06:31:41.566385Z  INFO tailwindcss_oxide::scanner: Reading "/home/z/my-project/skills/pdf/LICENSE.txt"
2026-08-17T06:31:41.566398Z  INFO tailwindcss_oxide::scanner: Reading "/home/z/my-project/skills/design/design-systems/brand-inspiration/elevenlabs/README.md"
2026-08-17T06:31:41.566406Z  INFO tailwindcss_oxide::scanner: Reading "/home/z/my-project/skills/image-understand/SKILL.md"
2026-08-17T06:31:41.566414Z  INFO tailwindcss_oxide::scanner: Reading "/home/z/my-project/skills/design/design-systems/brand-inspiration/discord/components.html"
2026-08-17T06:31:41.566429Z  INFO tailwindcss_oxide::scanner: Reading "/home/z/my-project/skills/design/design-systems/brand-inspiration/discord/DESIGN.md"
2026-08-17T06:31:41.566454Z  INFO tailwindcss_oxide::scanner: Reading "/home/z/my-project/skills/image-understand/scripts/image-understand.ts"
2026-08-17T06:31:41.566465Z  INFO tailwindcss_oxide::scanner: Reading "/home/z/my-project/skills/image-understand/LICENSE.txt"
2026-08-17T06:31:41.566474Z  INFO tailwindcss_oxide::scanner: Reading "/home/z/my-project/skills/design/design-systems/brand-inspiration/airtable/DESIGN.md"
2026-08-17T06:31:41.566498Z  INFO tailwindcss_oxide::scanner: Reading "/home/z/my-project/skills/skill-creator/agents/analyzer.md"
2026-08-17T06:31:41.566520Z  INFO tailwindcss_oxide::scanner: Reading "/home/z/my-project/skills/skill-creator/agents/comparator.md"
2026-08-17T06:31:41.566540Z  INFO tailwindcss_oxide::scanner: Reading "/home/z/my-project/skills/skill-creator/agents/grader.md"
2026-08-17T06:31:41.566568Z  INFO tailwindcss_oxide::scanner: Reading "/home/z/my-project/skills/design/design-systems/brand-inspiration/airtable/README.md"
2026-08-17T06:31:41.566570Z  INFO tailwindcss_oxide::scanner: Reading "/home/z/my-project/skills/skill-creator/references/schemas.md"
2026-08-17T06:31:41.566586Z  INFO tailwindcss_oxide::scanner: Reading "/home/z/my-project/skills/design/design-systems/brand-inspiration/kraken/DESIGN.md"
2026-08-17T06:31:41.566604Z  INFO tailwindcss_oxide::scanner: Reading "/home/z/my-project/skills/design/design-systems/brand-inspiration/kraken/README.md"
2026-08-17T06:31:41.566622Z  INFO tailwindcss_oxide::scanner: Reading "/home/z/my-project/skills/skill-creator/SKILL.md"
2026-08-17T06:31:41.566649Z  INFO tailwindcss_oxide::scanner: Reading "/home/z/my-project/skills/design/design-systems/brand-inspiration/sentry/DESIGN.md"
2026-08-17T06:31:41.566662Z  INFO tailwindcss_oxide::scanner: Reading "/home/z/my-project/skills/skill-creator/eval-viewer/generate_review.py"
2026-08-17T06:31:41.571116Z  INFO tailwindcss_oxide::scanner: Reading "/home/z/my-project/skills/skill-creator/eval-viewer/viewer.html"
2026-08-17T06:31:41.571134Z  INFO tailwindcss_oxide::scanner: Reading "/home/z/my-project/skills/skill-creator/assets/eval_review.html"
2026-08-17T06:31:41.571149Z  INFO tailwindcss_oxide::scanner: Reading "/home/z/my-project/skills/skill-creator/scripts/run_loop.py"
2026-08-17T06:31:41.571157Z  INFO tailwindcss_oxide::scanner: Reading "/home/z/my-project/skills/skill-creator/scripts/improve_description.py"
2026-08-17T06:31:41.571169Z  INFO tailwindcss_oxide::scanner: Reading "/home/z/my-project/skills/skill-creator/scripts/aggregate_benchmark.py"
2026-08-17T06:31:41.571168Z  INFO tailwindcss_oxide::scanner: Reading "/home/z/my-project/skills/design/design-systems/brand-inspiration/sentry/README.md"
2026-08-17T06:31:41.571181Z  INFO tailwindcss_oxide::scanner: Reading "/home/z/my-project/skills/skill-creator/scripts/generate_report.py"
2026-08-17T06:31:41.571193Z  INFO tailwindcss_oxide::scanner: Reading "/home/z/my-project/skills/skill-creator/scripts/package_skill.py"
2026-08-17T06:31:41.571210Z  INFO tailwindcss_oxide::scanner: Reading "/home/z/my-project/skills/skill-creator/scripts/run_eval.py"
2026-08-17T06:31:41.571216Z  INFO tailwindcss_oxide::scanner: Reading "/home/z/my-project/skills/skill-creator/scripts/utils.py"
2026-08-17T06:31:41.571231Z  INFO tailwindcss_oxide::scanner: Reading "/home/z/my-project/skills/skill-creator/scripts/__init__.py"
2026-08-17T06:31:41.571238Z  INFO tailwindcss_oxide::scanner: Reading "/home/z/my-project/skills/skill-creator/scripts/quick_validate.py"
2026-08-17T06:31:41.571256Z  INFO tailwindcss_oxide::scanner: Reading "/home/z/my-project/skills/skill-creator/LICENSE.txt"
2026-08-17T06:31:41.571266Z  INFO tailwindcss_oxide::scanner: Reading "/home/z/my-project/skills/blog-writer/2024-02-17-short-form-content-marketing.md"
2026-08-17T06:31:41.571273Z  INFO tailwindcss_oxide::scanner: Reading "/home/z/my-project/skills/design/design-systems/index.json"
2026-08-17T06:31:41.571275Z  INFO tailwindcss_oxide::scanner: Reading "/home/z/my-project/skills/blog-writer/_meta.json"
2026-08-17T06:31:41.571285Z  INFO tailwindcss_oxide::scanner: Reading "/home/z/my-project/skills/blog-writer/2024-03-14-effective-ai-prompts.md"
2026-08-17T06:31:41.571299Z  INFO tailwindcss_oxide::scanner: Reading "/home/z/my-project/skills/blog-writer/SKILL.md"
2026-08-17T06:31:41.571315Z  INFO tailwindcss_oxide::scanner: Reading "/home/z/my-project/skills/blog-writer/2024-02-17-raycast-spotlight-superpowers.md"
2026-08-17T06:31:41.571323Z  INFO tailwindcss_oxide::scanner: Reading "/home/z/my-project/skills/blog-writer/2024-02-17-radical-transparency-sales.md"
2026-08-17T06:31:41.571335Z  INFO tailwindcss_oxide::scanner: Reading "/home/z/my-project/skills/blog-writer/README.md"
2026-08-17T06:31:41.571342Z  INFO tailwindcss_oxide::scanner: Reading "/home/z/my-project/skills/blog-writer/style-guide.md"
2026-08-17T06:31:41.571356Z  INFO tailwindcss_oxide::scanner: Reading "/home/z/my-project/skills/blog-writer/2025-11-12-why-ai-art-is-useless.md"
2026-08-17T06:31:41.571371Z  INFO tailwindcss_oxide::scanner: Reading "/home/z/my-project/skills/blog-writer/2024-11-08-ai-revolutionizing-entry-level-sales.md"
2026-08-17T06:31:41.571381Z  INFO tailwindcss_oxide::scanner: Reading "/home/z/my-project/skills/blog-writer/2024-02-17-typing-speed-benefits.md"
2026-08-17T06:31:41.571390Z  INFO tailwindcss_oxide::scanner: Reading "/home/z/my-project/skills/blog-writer/manage_examples.py"
2026-08-17T06:31:41.571407Z  INFO tailwindcss_oxide::scanner: Reading "/home/z/my-project/skills/VLM/SKILL.md"
2026-08-17T06:31:41.571437Z  INFO tailwindcss_oxide::scanner: Reading "/home/z/my-project/skills/VLM/scripts/vlm.ts"
2026-08-17T06:31:41.571443Z  INFO tailwindcss_oxide::scanner: Reading "/home/z/my-project/skills/VLM/LICENSE.txt"
2026-08-17T06:31:41.571452Z  INFO tailwindcss_oxide::scanner: Reading "/home/z/my-project/.github/workflows/deploy.yml"
2026-08-17T06:31:41.571466Z  INFO tailwindcss_oxide::scanner: Reading "/home/z/my-project/skills/design/design-systems/INDEX.md"
2026-08-17T06:31:41.571512Z  INFO tailwindcss_oxide::scanner: Reading "/home/z/my-project/skills/design/design-systems/style-skills/clean/DESIGN.md"
2026-08-17T06:31:41.571521Z  INFO tailwindcss_oxide::scanner: Reading "/home/z/my-project/tool-results/read_1786916291280_d2fc5c7601d7.txt"
2026-08-17T06:31:41.571530Z  INFO tailwindcss_oxide::scanner: Reading "/home/z/my-project/skills/design/design-systems/style-skills/clean/SKILL.md"
2026-08-17T06:31:41.571553Z  INFO tailwindcss_oxide::scanner: Reading "/home/z/my-project/skills/design/design-systems/style-skills/lingo/DESIGN.md"
2026-08-17T06:31:41.571568Z  INFO tailwindcss_oxide::scanner: Reading "/home/z/my-project/skills/design/design-systems/style-skills/lingo/SKILL.md"
2026-08-17T06:31:41.571580Z  INFO tailwindcss_oxide::scanner: Reading "/home/z/my-project/tool-results/bash_1786915336722_eca10dc8ad68.txt"
2026-08-17T06:31:41.571585Z  INFO tailwindcss_oxide::scanner: Reading "/home/z/my-project/skills/design/design-systems/style-skills/bento/DESIGN.md"
2026-08-17T06:31:41.571603Z  INFO tailwindcss_oxide::scanner: Reading "/home/z/my-project/skills/design/design-systems/style-skills/bento/SKILL.md"
2026-08-17T06:31:41.571618Z  INFO tailwindcss_oxide::scanner: Reading "/home/z/my-project/skills/design/design-systems/style-skills/luxury/DESIGN.md"
2026-08-17T06:31:41.571630Z  INFO tailwindcss_oxide::scanner: Reading "/home/z/my-project/skills/design/design-systems/style-skills/luxury/SKILL.md"
2026-08-17T06:31:41.571637Z  INFO tailwindcss_oxide::scanner: Reading "/home/z/my-project/tool-results/read_1786916287356_30598d0a38c5.txt"
2026-08-17T06:31:41.571649Z  INFO tailwindcss_oxide::scanner: Reading "/home/z/my-project/skills/design/design-systems/style-skills/dithered/DESIGN.md"
2026-08-17T06:31:41.571664Z  INFO tailwindcss_oxide::scanner: Reading "/home/z/my-project/skills/design/design-systems/style-skills/dithered/SKILL.md"
2026-08-17T06:31:41.571677Z  INFO tailwindcss_oxide::scanner: Reading "/home/z/my-project/skills/design/design-systems/style-skills/codex/DESIGN.md"
2026-08-17T06:31:41.571689Z  INFO tailwindcss_oxide::scanner: Reading "/home/z/my-project/skills/design/design-systems/style-skills/codex/SKILL.md"
2026-08-17T06:31:41.571693Z  INFO tailwindcss_oxide::scanner: Reading "/home/z/my-project/tool-results/bash_1786915155213_acd59e1c5aad.txt"
2026-08-17T06:31:41.571710Z  INFO tailwindcss_oxide::scanner: Reading "/home/z/my-project/skills/design/design-systems/style-skills/neumorphism/DESIGN.md"
2026-08-17T06:31:41.571721Z  INFO tailwindcss_oxide::scanner: Reading "/home/z/my-project/skills/design/design-systems/style-skills/neumorphism/SKILL.md"
2026-08-17T06:31:41.571734Z  INFO tailwindcss_oxide::scanner: Reading "/home/z/my-project/tool-results/bash_1786947854881_9d905a62584f.txt"
2026-08-17T06:31:41.571740Z  INFO tailwindcss_oxide::scanner: Reading "/home/z/my-project/skills/design/design-systems/style-skills/default/components.html"
2026-08-17T06:31:41.571751Z  INFO tailwindcss_oxide::scanner: Reading "/home/z/my-project/skills/design/design-systems/style-skills/default/DESIGN.md"
2026-08-17T06:31:41.571754Z  INFO tailwindcss_oxide::scanner: Reading "/home/z/my-project/tool-results/audit-report.json"
2026-08-17T06:31:41.571767Z  INFO tailwindcss_oxide::scanner: Reading "/home/z/my-project/skills/design/design-systems/style-skills/default/SKILL.md"
2026-08-17T06:31:41.571795Z  INFO tailwindcss_oxide::scanner: Reading "/home/z/my-project/skills/design/design-systems/style-skills/vintage/DESIGN.md"
2026-08-17T06:31:41.571806Z  INFO tailwindcss_oxide::scanner: Reading "/home/z/my-project/skills/design/design-systems/style-skills/vintage/SKILL.md"
2026-08-17T06:31:41.571825Z  INFO tailwindcss_oxide::scanner: Reading "/home/z/my-project/skills/design/design-systems/style-skills/energetic/DESIGN.md"
2026-08-17T06:31:41.571833Z  INFO tailwindcss_oxide::scanner: Reading "/home/z/my-project/tool-results/read_1786910629578_9f43716ae72f.txt"
2026-08-17T06:31:41.571836Z  INFO tailwindcss_oxide::scanner: Reading "/home/z/my-project/skills/design/design-systems/style-skills/energetic/SKILL.md"
2026-08-17T06:31:41.571843Z  INFO tailwindcss_oxide::scanner: Reading "/home/z/my-project/postcss.config.mjs"
2026-08-17T06:31:41.571853Z  INFO tailwindcss_oxide::scanner: Reading "/home/z/my-project/src/app/page.tsx"
2026-08-17T06:31:41.571854Z  INFO tailwindcss_oxide::scanner: Reading "/home/z/my-project/skills/design/design-systems/style-skills/application/DESIGN.md"
2026-08-17T06:31:41.571861Z  INFO tailwindcss_oxide::scanner: Reading "/home/z/my-project/src/app/layout.tsx"
2026-08-17T06:31:41.571868Z  INFO tailwindcss_oxide::scanner: Reading "/home/z/my-project/skills/design/design-systems/style-skills/application/SKILL.md"
2026-08-17T06:31:41.571876Z  INFO tailwindcss_oxide::scanner: Reading "/home/z/my-project/src/hooks/use-toast.ts"
2026-08-17T06:31:41.571885Z  INFO tailwindcss_oxide::scanner: Reading "/home/z/my-project/src/hooks/use-mobile.ts"
2026-08-17T06:31:41.571890Z  INFO tailwindcss_oxide::scanner: Reading "/home/z/my-project/skills/design/design-systems/style-skills/modern/DESIGN.md"
2026-08-17T06:31:41.571897Z  INFO tailwindcss_oxide::scanner: Reading "/home/z/my-project/src/lib/utils.ts"
2026-08-17T06:31:41.571904Z  INFO tailwindcss_oxide::scanner: Reading "/home/z/my-project/skills/design/design-systems/style-skills/modern/SKILL.md"
2026-08-17T06:31:41.571910Z  INFO tailwindcss_oxide::scanner: Reading "/home/z/my-project/src/components/ui/button.tsx"
2026-08-17T06:31:41.571919Z  INFO tailwindcss_oxide::scanner: Reading "/home/z/my-project/skills/design/design-systems/style-skills/dashboard/DESIGN.md"
2026-08-17T06:31:41.571931Z  INFO tailwindcss_oxide::scanner: Reading "/home/z/my-project/src/components/ui/dropdown-menu.tsx"
2026-08-17T06:31:41.571936Z  INFO tailwindcss_oxide::scanner: Reading "/home/z/my-project/skills/design/design-systems/style-skills/dashboard/SKILL.md"
2026-08-17T06:31:41.571939Z  INFO tailwindcss_oxide::scanner: Reading "/home/z/my-project/src/components/ui/badge.tsx"
2026-08-17T06:31:41.571947Z  INFO tailwindcss_oxide::scanner: Reading "/home/z/my-project/src/components/ui/collapsible.tsx"
2026-08-17T06:31:41.571954Z  INFO tailwindcss_oxide::scanner: Reading "/home/z/my-project/skills/design/design-systems/style-skills/editorial/DESIGN.md"
2026-08-17T06:31:41.571955Z  INFO tailwindcss_oxide::scanner: Reading "/home/z/my-project/src/components/ui/select.tsx"
2026-08-17T06:31:41.571966Z  INFO tailwindcss_oxide::scanner: Reading "/home/z/my-project/src/components/ui/dialog.tsx"
2026-08-17T06:31:41.571969Z  INFO tailwindcss_oxide::scanner: Reading "/home/z/my-project/skills/design/design-systems/style-skills/editorial/SKILL.md"
2026-08-17T06:31:41.571974Z  INFO tailwindcss_oxide::scanner: Reading "/home/z/my-project/src/components/ui/scroll-area.tsx"
2026-08-17T06:31:41.571988Z  INFO tailwindcss_oxide::scanner: Reading "/home/z/my-project/src/components/ui/resizable.tsx"
2026-08-17T06:31:41.571991Z  INFO tailwindcss_oxide::scanner: Reading "/home/z/my-project/skills/design/design-systems/style-skills/claude/DESIGN.md"
2026-08-17T06:31:41.571995Z  INFO tailwindcss_oxide::scanner: Reading "/home/z/my-project/src/components/ui/textarea.tsx"
2026-08-17T06:31:41.572004Z  INFO tailwindcss_oxide::scanner: Reading "/home/z/my-project/src/components/ui/toaster.tsx"
2026-08-17T06:31:41.572009Z  INFO tailwindcss_oxide::scanner: Reading "/home/z/my-project/skills/design/design-systems/style-skills/claude/SKILL.md"
2026-08-17T06:31:41.572010Z  INFO tailwindcss_oxide::scanner: Reading "/home/z/my-project/src/components/ui/separator.tsx"
2026-08-17T06:31:41.572019Z  INFO tailwindcss_oxide::scanner: Reading "/home/z/my-project/src/components/ui/avatar.tsx"
2026-08-17T06:31:41.572027Z  INFO tailwindcss_oxide::scanner: Reading "/home/z/my-project/src/components/ui/input-otp.tsx"
2026-08-17T06:31:41.572028Z  INFO tailwindcss_oxide::scanner: Reading "/home/z/my-project/skills/design/design-systems/style-skills/retro/DESIGN.md"
2026-08-17T06:31:41.572036Z  INFO tailwindcss_oxide::scanner: Reading "/home/z/my-project/src/components/ui/menubar.tsx"
2026-08-17T06:31:41.572044Z  INFO tailwindcss_oxide::scanner: Reading "/home/z/my-project/skills/design/design-systems/style-skills/retro/SKILL.md"
2026-08-17T06:31:41.572057Z  INFO tailwindcss_oxide::scanner: Reading "/home/z/my-project/src/components/ui/sidebar.tsx"
2026-08-17T06:31:41.572063Z  INFO tailwindcss_oxide::scanner: Reading "/home/z/my-project/skills/design/design-systems/style-skills/creative/DESIGN.md"
2026-08-17T06:31:41.572066Z  INFO tailwindcss_oxide::scanner: Reading "/home/z/my-project/src/components/ui/aspect-ratio.tsx"
2026-08-17T06:31:41.572074Z  INFO tailwindcss_oxide::scanner: Reading "/home/z/my-project/src/components/ui/progress.tsx"
2026-08-17T06:31:41.572078Z  INFO tailwindcss_oxide::scanner: Reading "/home/z/my-project/skills/design/design-systems/style-skills/creative/SKILL.md"
2026-08-17T06:31:41.572082Z  INFO tailwindcss_oxide::scanner: Reading "/home/z/my-project/src/components/ui/checkbox.tsx"
2026-08-17T06:31:41.572111Z  INFO tailwindcss_oxide::scanner: Reading "/home/z/my-project/src/components/ui/accordion.tsx"
2026-08-17T06:31:41.572111Z  INFO tailwindcss_oxide::scanner: Reading "/home/z/my-project/skills/design/design-systems/style-skills/material/DESIGN.md"
2026-08-17T06:31:41.572119Z  INFO tailwindcss_oxide::scanner: Reading "/home/z/my-project/src/components/ui/sonner.tsx"
2026-08-17T06:31:41.572125Z  INFO tailwindcss_oxide::scanner: Reading "/home/z/my-project/skills/design/design-systems/style-skills/material/SKILL.md"
2026-08-17T06:31:41.572128Z  INFO tailwindcss_oxide::scanner: Reading "/home/z/my-project/src/components/ui/alert.tsx"
2026-08-17T06:31:41.572136Z  INFO tailwindcss_oxide::scanner: Reading "/home/z/my-project/src/components/ui/table.tsx"
2026-08-17T06:31:41.572142Z  INFO tailwindcss_oxide::scanner: Reading "/home/z/my-project/skills/design/design-systems/style-skills/neon/DESIGN.md"
2026-08-17T06:31:41.572146Z  INFO tailwindcss_oxide::scanner: Reading "/home/z/my-project/src/components/ui/skeleton.tsx"
2026-08-17T06:31:41.572159Z  INFO tailwindcss_oxide::scanner: Reading "/home/z/my-project/src/components/ui/card.tsx"
2026-08-17T06:31:41.572160Z  INFO tailwindcss_oxide::scanner: Reading "/home/z/my-project/skills/design/design-systems/style-skills/neon/SKILL.md"
2026-08-17T06:31:41.572166Z  INFO tailwindcss_oxide::scanner: Reading "/home/z/my-project/src/components/ui/input.tsx"
2026-08-17T06:31:41.572175Z  INFO tailwindcss_oxide::scanner: Reading "/home/z/my-project/src/components/ui/popover.tsx"
2026-08-17T06:31:41.572184Z  INFO tailwindcss_oxide::scanner: Reading "/home/z/my-project/skills/design/design-systems/style-skills/publication/DESIGN.md"
2026-08-17T06:31:41.572187Z  INFO tailwindcss_oxide::scanner: Reading "/home/z/my-project/src/components/ui/context-menu.tsx"
2026-08-17T06:31:41.572199Z  INFO tailwindcss_oxide::scanner: Reading "/home/z/my-project/skills/design/design-systems/style-skills/publication/SKILL.md"
2026-08-17T06:31:41.572201Z  INFO tailwindcss_oxide::scanner: Reading "/home/z/my-project/src/components/ui/navigation-menu.tsx"
2026-08-17T06:31:41.572214Z  INFO tailwindcss_oxide::scanner: Reading "/home/z/my-project/src/components/ui/radio-group.tsx"
2026-08-17T06:31:41.572220Z  INFO tailwindcss_oxide::scanner: Reading "/home/z/my-project/skills/design/design-systems/style-skills/flat/DESIGN.md"
2026-08-17T06:31:41.572223Z  INFO tailwindcss_oxide::scanner: Reading "/home/z/my-project/src/components/ui/form.tsx"
2026-08-17T06:31:41.572234Z  INFO tailwindcss_oxide::scanner: Reading "/home/z/my-project/skills/design/design-systems/style-skills/flat/SKILL.md"
2026-08-17T06:31:41.572237Z  INFO tailwindcss_oxide::scanner: Reading "/home/z/my-project/src/components/ui/calendar.tsx"
2026-08-17T06:31:41.572245Z  INFO tailwindcss_oxide::scanner: Reading "/home/z/my-project/src/components/ui/toggle-group.tsx"
2026-08-17T06:31:41.572251Z  INFO tailwindcss_oxide::scanner: Reading "/home/z/my-project/skills/design/design-systems/style-skills/professional/DESIGN.md"
2026-08-17T06:31:41.572255Z  INFO tailwindcss_oxide::scanner: Reading "/home/z/my-project/src/components/ui/command.tsx"
2026-08-17T06:31:41.572264Z  INFO tailwindcss_oxide::scanner: Reading "/home/z/my-project/skills/design/design-systems/style-skills/professional/SKILL.md"
2026-08-17T06:31:41.572270Z  INFO tailwindcss_oxide::scanner: Reading "/home/z/my-project/src/components/ui/chart.tsx"
2026-08-17T06:31:41.572280Z  INFO tailwindcss_oxide::scanner: Reading "/home/z/my-project/src/components/ui/sheet.tsx"
2026-08-17T06:31:41.572287Z  INFO tailwindcss_oxide::scanner: Reading "/home/z/my-project/skills/design/design-systems/style-skills/sega/DESIGN.md"
2026-08-17T06:31:41.572288Z  INFO tailwindcss_oxide::scanner: Reading "/home/z/my-project/src/components/ui/drawer.tsx"
2026-08-17T06:31:41.572297Z  INFO tailwindcss_oxide::scanner: Reading "/home/z/my-project/src/components/ui/slider.tsx"
2026-08-17T06:31:41.572299Z  INFO tailwindcss_oxide::scanner: Reading "/home/z/my-project/skills/design/design-systems/style-skills/sega/SKILL.md"
2026-08-17T06:31:41.572315Z  INFO tailwindcss_oxide::scanner: Reading "/home/z/my-project/src/components/ui/alert-dialog.tsx"
2026-08-17T06:31:41.572338Z  INFO tailwindcss_oxide::scanner: Reading "/home/z/my-project/src/components/ui/toast.tsx"
2026-08-17T06:31:41.572340Z  INFO tailwindcss_oxide::scanner: Reading "/home/z/my-project/skills/design/design-systems/style-skills/sleek/DESIGN.md"
2026-08-17T06:31:41.572350Z  INFO tailwindcss_oxide::scanner: Reading "/home/z/my-project/src/components/ui/hover-card.tsx"
2026-08-17T06:31:41.572353Z  INFO tailwindcss_oxide::scanner: Reading "/home/z/my-project/skills/design/design-systems/style-skills/sleek/SKILL.md"
2026-08-17T06:31:41.572357Z  INFO tailwindcss_oxide::scanner: Reading "/home/z/my-project/src/components/ui/breadcrumb.tsx"
2026-08-17T06:31:41.572366Z  INFO tailwindcss_oxide::scanner: Reading "/home/z/my-project/src/components/ui/toggle.tsx"
2026-08-17T06:31:41.572373Z  INFO tailwindcss_oxide::scanner: Reading "/home/z/my-project/skills/design/design-systems/style-skills/artistic/DESIGN.md"
2026-08-17T06:31:41.572374Z  INFO tailwindcss_oxide::scanner: Reading "/home/z/my-project/src/components/ui/pagination.tsx"
2026-08-17T06:31:41.572391Z  INFO tailwindcss_oxide::scanner: Reading "/home/z/my-project/skills/design/design-systems/style-skills/artistic/SKILL.md"
2026-08-17T06:31:41.572400Z  INFO tailwindcss_oxide::scanner: Reading "/home/z/my-project/src/components/ui/carousel.tsx"
2026-08-17T06:31:41.572408Z  INFO tailwindcss_oxide::scanner: Reading "/home/z/my-project/skills/design/design-systems/style-skills/claymorphism/DESIGN.md"
2026-08-17T06:31:41.572409Z  INFO tailwindcss_oxide::scanner: Reading "/home/z/my-project/src/components/ui/switch.tsx"
2026-08-17T06:31:41.572418Z  INFO tailwindcss_oxide::scanner: Reading "/home/z/my-project/src/components/ui/tabs.tsx"
2026-08-17T06:31:41.572424Z  INFO tailwindcss_oxide::scanner: Reading "/home/z/my-project/skills/design/design-systems/style-skills/claymorphism/SKILL.md"
2026-08-17T06:31:41.572425Z  INFO tailwindcss_oxide::scanner: Reading "/home/z/my-project/src/components/ui/label.tsx"
2026-08-17T06:31:41.572440Z  INFO tailwindcss_oxide::scanner: Reading "/home/z/my-project/src/components/ui/tooltip.tsx"
2026-08-17T06:31:41.572445Z  INFO tailwindcss_oxide::scanner: Reading "/home/z/my-project/skills/design/design-systems/style-skills/elegant/DESIGN.md"
2026-08-17T06:31:41.572457Z  INFO tailwindcss_oxide::scanner: Reading "/home/z/my-project/skills/design/design-systems/style-skills/elegant/SKILL.md"
2026-08-17T06:31:41.572470Z  INFO tailwindcss_oxide::scanner: Reading "/home/z/my-project/skills/design/design-systems/style-skills/fantasy/DESIGN.md"
2026-08-17T06:31:41.572471Z  INFO tailwindcss_oxide::scanner: Reading "/home/z/my-project/src/components/SciCMP/ResearchTrendsPage.tsx"
2026-08-17T06:31:41.572500Z  INFO tailwindcss_oxide::scanner: Reading "/home/z/my-project/src/components/SciCMP/AboutPage.tsx"
2026-08-17T06:31:41.572507Z  INFO tailwindcss_oxide::scanner: Reading "/home/z/my-project/skills/design/design-systems/style-skills/fantasy/SKILL.md"
2026-08-17T06:31:41.572514Z  INFO tailwindcss_oxide::scanner: Reading "/home/z/my-project/src/components/SciCMP/Footer.tsx"
2026-08-17T06:31:41.572524Z  INFO tailwindcss_oxide::scanner: Reading "/home/z/my-project/skills/design/design-systems/style-skills/pacman/DESIGN.md"
2026-08-17T06:31:41.572530Z  INFO tailwindcss_oxide::scanner: Reading "/home/z/my-project/src/components/SciCMP/LandingPage.tsx"
2026-08-17T06:31:41.572538Z  INFO tailwindcss_oxide::scanner: Reading "/home/z/my-project/skills/design/design-systems/style-skills/pacman/SKILL.md"
2026-08-17T06:31:41.572557Z  INFO tailwindcss_oxide::scanner: Reading "/home/z/my-project/skills/design/design-systems/style-skills/enterprise/DESIGN.md"
2026-08-17T06:31:41.572568Z  INFO tailwindcss_oxide::scanner: Reading "/home/z/my-project/skills/design/design-systems/style-skills/enterprise/SKILL.md"
2026-08-17T06:31:41.572592Z  INFO tailwindcss_oxide::scanner: Reading "/home/z/my-project/skills/design/design-systems/style-skills/paper/DESIGN.md"
2026-08-17T06:31:41.572597Z  INFO tailwindcss_oxide::scanner: Reading "/home/z/my-project/src/components/SciCMP/TemplateGalleryPage.tsx"
2026-08-17T06:31:41.572607Z  INFO tailwindcss_oxide::scanner: Reading "/home/z/my-project/skills/design/design-systems/style-skills/paper/SKILL.md"
2026-08-17T06:31:41.572610Z  INFO tailwindcss_oxide::scanner: Reading "/home/z/my-project/src/components/SciCMP/Header.tsx"
2026-08-17T06:31:41.572625Z  INFO tailwindcss_oxide::scanner: Reading "/home/z/my-project/src/components/SciCMP/PricingPage.tsx"
2026-08-17T06:31:41.572626Z  INFO tailwindcss_oxide::scanner: Reading "/home/z/my-project/skills/design/design-systems/style-skills/friendly/DESIGN.md"
2026-08-17T06:31:41.572650Z  INFO tailwindcss_oxide::scanner: Reading "/home/z/my-project/skills/design/design-systems/style-skills/friendly/SKILL.md"
2026-08-17T06:31:41.572671Z  INFO tailwindcss_oxide::scanner: Reading "/home/z/my-project/skills/design/design-systems/style-skills/index.json"
2026-08-17T06:31:41.572672Z  INFO tailwindcss_oxide::scanner: Reading "/home/z/my-project/src/components/SciCMP/DashboardPage.tsx"
2026-08-17T06:31:41.572687Z  INFO tailwindcss_oxide::scanner: Reading "/home/z/my-project/src/components/SciCMP/FeaturesPage.tsx"
2026-08-17T06:31:41.572729Z  INFO tailwindcss_oxide::scanner: Reading "/home/z/my-project/skills/design/design-systems/style-skills/terracotta/DESIGN.md"
2026-08-17T06:31:41.572740Z  INFO tailwindcss_oxide::scanner: Reading "/home/z/my-project/DemoClientPhase10/src/app/page.tsx"
2026-08-17T06:31:41.572741Z  INFO tailwindcss_oxide::scanner: Reading "/home/z/my-project/skills/design/design-systems/style-skills/terracotta/SKILL.md"
2026-08-17T06:31:41.572753Z  INFO tailwindcss_oxide::scanner: Reading "/home/z/my-project/DemoClientPhase10/README.md"
2026-08-17T06:31:41.572759Z  INFO tailwindcss_oxide::scanner: Reading "/home/z/my-project/skills/design/design-systems/style-skills/hud/DESIGN.md"
2026-08-17T06:31:41.572789Z  INFO tailwindcss_oxide::scanner: Reading "/home/z/my-project/DemoClientPhase10/marketplace-value.txt"
2026-08-17T06:31:41.572792Z  INFO tailwindcss_oxide::scanner: Reading "/home/z/my-project/skills/design/design-systems/style-skills/hud/SKILL.md"
2026-08-17T06:31:41.572810Z  INFO tailwindcss_oxide::scanner: Reading "/home/z/my-project/skills/design/design-systems/style-skills/cafe/DESIGN.md"
2026-08-17T06:31:41.572811Z  INFO tailwindcss_oxide::scanner: Reading "/home/z/my-project/DemoClientPhase10/investorstory.txt"
2026-08-17T06:31:41.572830Z  INFO tailwindcss_oxide::scanner: Reading "/home/z/my-project/public/logo.svg"
2026-08-17T06:31:41.572832Z  INFO tailwindcss_oxide::scanner: Reading "/home/z/my-project/skills/design/design-systems/style-skills/cafe/SKILL.md"
2026-08-17T06:31:41.572838Z  INFO tailwindcss_oxide::scanner: Reading "/home/z/my-project/public/robots.txt"
2026-08-17T06:31:41.572846Z  INFO tailwindcss_oxide::scanner: Reading "/home/z/my-project/public/grid.svg"
2026-08-17T06:31:41.572850Z  INFO tailwindcss_oxide::scanner: Reading "/home/z/my-project/skills/design/design-systems/style-skills/expressive/DESIGN.md"
2026-08-17T06:31:41.572853Z  INFO tailwindcss_oxide::scanner: Reading "/home/z/my-project/package.json"
2026-08-17T06:31:41.572862Z  INFO tailwindcss_oxide::scanner: Reading "/home/z/my-project/skills/design/design-systems/style-skills/expressive/SKILL.md"
2026-08-17T06:31:41.572864Z  INFO tailwindcss_oxide::scanner: Reading "/home/z/my-project/eslint.config.mjs"
2026-08-17T06:31:41.572880Z  INFO tailwindcss_oxide::scanner: Reading "/home/z/my-project/skills/design/design-systems/style-skills/levels/DESIGN.md"
2026-08-17T06:31:41.572882Z  INFO tailwindcss_oxide::scanner: Reading "/home/z/my-project/Clean_Aethelgard-Strategic-Insights/.github/workflows/ci-cd.yml"
2026-08-17T06:31:41.572897Z  INFO tailwindcss_oxide::scanner: Reading "/home/z/my-project/skills/design/design-systems/style-skills/levels/SKILL.md"
2026-08-17T06:31:41.572899Z  INFO tailwindcss_oxide::scanner: Reading "/home/z/my-project/Clean_Aethelgard-Strategic-Insights/application/app/page.tsx"
2026-08-17T06:31:41.572922Z  INFO tailwindcss_oxide::scanner: Reading "/home/z/my-project/Clean_Aethelgard-Strategic-Insights/application/app/studio/page.tsx"
2026-08-17T06:31:41.572924Z  INFO tailwindcss_oxide::scanner: Reading "/home/z/my-project/skills/design/design-systems/style-skills/contemporary/DESIGN.md"
2026-08-17T06:31:41.572932Z  INFO tailwindcss_oxide::scanner: Reading "/home/z/my-project/Clean_Aethelgard-Strategic-Insights/application/app/layout.tsx"
2026-08-17T06:31:41.572942Z  INFO tailwindcss_oxide::scanner: Reading "/home/z/my-project/skills/design/design-systems/style-skills/contemporary/SKILL.md"
2026-08-17T06:31:41.572951Z  INFO tailwindcss_oxide::scanner: Reading "/home/z/my-project/Clean_Aethelgard-Strategic-Insights/application/app/api/experiments/route.ts"
2026-08-17T06:31:41.572959Z  INFO tailwindcss_oxide::scanner: Reading "/home/z/my-project/skills/design/design-systems/style-skills/dramatic/DESIGN.md"
2026-08-17T06:31:41.572961Z  INFO tailwindcss_oxide::scanner: Reading "/home/z/my-project/Clean_Aethelgard-Strategic-Insights/application/app/api/experiments/[id]/route.ts"
2026-08-17T06:31:41.572976Z  INFO tailwindcss_oxide::scanner: Reading "/home/z/my-project/skills/design/design-systems/style-skills/dramatic/SKILL.md"
2026-08-17T06:31:41.572977Z  INFO tailwindcss_oxide::scanner: Reading "/home/z/my-project/Clean_Aethelgard-Strategic-Insights/application/app/api/streaming/flink/route.ts"
2026-08-17T06:31:41.572987Z  INFO tailwindcss_oxide::scanner: Reading "/home/z/my-project/Clean_Aethelgard-Strategic-Insights/application/app/api/streaming/spark/route.ts"
2026-08-17T06:31:41.572993Z  INFO tailwindcss_oxide::scanner: Reading "/home/z/my-project/skills/design/design-systems/style-skills/futuristic/DESIGN.md"
2026-08-17T06:31:41.573003Z  INFO tailwindcss_oxide::scanner: Reading "/home/z/my-project/Clean_Aethelgard-Strategic-Insights/application/app/api/users/route.ts"
2026-08-17T06:31:41.573009Z  INFO tailwindcss_oxide::scanner: Reading "/home/z/my-project/skills/design/design-systems/style-skills/futuristic/SKILL.md"
2026-08-17T06:31:41.573016Z  INFO tailwindcss_oxide::scanner: Reading "/home/z/my-project/Clean_Aethelgard-Strategic-Insights/application/app/api/users/[id]/route.ts"
2026-08-17T06:31:41.573025Z  INFO tailwindcss_oxide::scanner: Reading "/home/z/my-project/Clean_Aethelgard-Strategic-Insights/application/app/api/settings/route.ts"
2026-08-17T06:31:41.573027Z  INFO tailwindcss_oxide::scanner: Reading "/home/z/my-project/skills/design/design-systems/style-skills/bold/DESIGN.md"
2026-08-17T06:31:41.573034Z  INFO tailwindcss_oxide::scanner: Reading "/home/z/my-project/Clean_Aethelgard-Strategic-Insights/application/app/api/federated/route.ts"
2026-08-17T06:31:41.573039Z  INFO tailwindcss_oxide::scanner: Reading "/home/z/my-project/skills/design/design-systems/style-skills/bold/SKILL.md"
2026-08-17T06:31:41.573044Z  INFO tailwindcss_oxide::scanner: Reading "/home/z/my-project/Clean_Aethelgard-Strategic-Insights/application/app/api/ar-vr/route.ts"
2026-08-17T06:31:41.573059Z  INFO tailwindcss_oxide::scanner: Reading "/home/z/my-project/skills/design/design-systems/style-skills/shadcn/DESIGN.md"
2026-08-17T06:31:41.573062Z  INFO tailwindcss_oxide::scanner: Reading "/home/z/my-project/Clean_Aethelgard-Strategic-Insights/application/app/api/frontend/route.ts"
2026-08-17T06:31:41.573072Z  INFO tailwindcss_oxide::scanner: Reading "/home/z/my-project/Clean_Aethelgard-Strategic-Insights/application/app/api/ai-scientist/route.ts"
2026-08-17T06:31:41.573079Z  INFO tailwindcss_oxide::scanner: Reading "/home/z/my-project/skills/design/design-systems/style-skills/shadcn/SKILL.md"
2026-08-17T06:31:41.573084Z  INFO tailwindcss_oxide::scanner: Reading "/home/z/my-project/Clean_Aethelgard-Strategic-Insights/application/app/api/search/route.ts"
2026-08-17T06:31:41.573095Z  INFO tailwindcss_oxide::scanner: Reading "/home/z/my-project/skills/design/design-systems/style-skills/tetris/DESIGN.md"
2026-08-17T06:31:41.573097Z  INFO tailwindcss_oxide::scanner: Reading "/home/z/my-project/Clean_Aethelgard-Strategic-Insights/application/app/api/digital-twins/route.ts"
2026-08-17T06:31:41.573115Z  INFO tailwindcss_oxide::scanner: Reading "/home/z/my-project/skills/design/design-systems/style-skills/tetris/SKILL.md"
2026-08-17T06:31:41.573122Z  INFO tailwindcss_oxide::scanner: Reading "/home/z/my-project/Clean_Aethelgard-Strategic-Insights/application/app/api/observability/route.ts"
2026-08-17T06:31:41.573135Z  INFO tailwindcss_oxide::scanner: Reading "/home/z/my-project/Clean_Aethelgard-Strategic-Insights/application/app/api/files/convert/route.ts"
2026-08-17T06:31:41.573138Z  INFO tailwindcss_oxide::scanner: Reading "/home/z/my-project/skills/design/design-systems/style-skills/ant/DESIGN.md"
2026-08-17T06:31:41.573146Z  INFO tailwindcss_oxide::scanner: Reading "/home/z/my-project/Clean_Aethelgard-Strategic-Insights/application/app/api/files/queue/route.ts"
2026-08-17T06:31:41.573154Z  INFO tailwindcss_oxide::scanner: Reading "/home/z/my-project/skills/design/design-systems/style-skills/ant/SKILL.md"
2026-08-17T06:31:41.573160Z  INFO tailwindcss_oxide::scanner: Reading "/home/z/my-project/Clean_Aethelgard-Strategic-Insights/application/app/api/files/parse/route.ts"
2026-08-17T06:31:41.573179Z  INFO tailwindcss_oxide::scanner: Reading "/home/z/my-project/Clean_Aethelgard-Strategic-Insights/application/app/api/multimodal/route.ts"
2026-08-17T06:31:41.573187Z  INFO tailwindcss_oxide::scanner: Reading "/home/z/my-project/Clean_Aethelgard-Strategic-Insights/application/app/api/route.ts"
2026-08-17T06:31:41.573188Z  INFO tailwindcss_oxide::scanner: Reading "/home/z/my-project/skills/design/design-systems/style-skills/sketch/DESIGN.md"
2026-08-17T06:31:41.573197Z  INFO tailwindcss_oxide::scanner: Reading "/home/z/my-project/Clean_Aethelgard-Strategic-Insights/application/app/api/prediction/route.ts"
2026-08-17T06:31:41.573202Z  INFO tailwindcss_oxide::scanner: Reading "/home/z/my-project/skills/design/design-systems/style-skills/sketch/SKILL.md"
2026-08-17T06:31:41.573212Z  INFO tailwindcss_oxide::scanner: Reading "/home/z/my-project/Clean_Aethelgard-Strategic-Insights/application/app/api/export/route.ts"
2026-08-17T06:31:41.573226Z  INFO tailwindcss_oxide::scanner: Reading "/home/z/my-project/skills/design/design-systems/style-skills/mono/DESIGN.md"
2026-08-17T06:31:41.573227Z  INFO tailwindcss_oxide::scanner: Reading "/home/z/my-project/Clean_Aethelgard-Strategic-Insights/application/app/api/quantum/route.ts"
2026-08-17T06:31:41.573237Z  INFO tailwindcss_oxide::scanner: Reading "/home/z/my-project/Clean_Aethelgard-Strategic-Insights/application/app/api/synthesis/route.ts"
2026-08-17T06:31:41.573246Z  INFO tailwindcss_oxide::scanner: Reading "/home/z/my-project/Clean_Aethelgard-Strategic-Insights/application/app/api/blockchain/route.ts"
2026-08-17T06:31:41.573257Z  INFO tailwindcss_oxide::scanner: Reading "/home/z/my-project/Clean_Aethelgard-Strategic-Insights/application/components/ui/breadcrumb.tsx"
2026-08-17T06:31:41.573258Z  INFO tailwindcss_oxide::scanner: Reading "/home/z/my-project/Clean_Aethelgard-Strategic-Insights/application/app/api/auth/me/route.ts"
2026-08-17T06:31:41.573269Z  INFO tailwindcss_oxide::scanner: Reading "/home/z/my-project/Clean_Aethelgard-Strategic-Insights/application/components/ui/toggle.tsx"
2026-08-17T06:31:41.573271Z  INFO tailwindcss_oxide::scanner: Reading "/home/z/my-project/Clean_Aethelgard-Strategic-Insights/application/app/api/auth/login/route.ts"
2026-08-17T06:31:41.573285Z  INFO tailwindcss_oxide::scanner: Reading "/home/z/my-project/Clean_Aethelgard-Strategic-Insights/application/app/api/genomics/route.ts"
2026-08-17T06:31:41.573288Z  INFO tailwindcss_oxide::scanner: Reading "/home/z/my-project/Clean_Aethelgard-Strategic-Insights/application/components/ui/pagination.tsx"
2026-08-17T06:31:41.573307Z  INFO tailwindcss_oxide::scanner: Reading "/home/z/my-project/Clean_Aethelgard-Strategic-Insights/application/app/api/ai/chat/route.ts"
2026-08-17T06:31:41.573312Z  INFO tailwindcss_oxide::scanner: Reading "/home/z/my-project/Clean_Aethelgard-Strategic-Insights/application/components/ui/ErrorBoundaryWrapper.tsx"
2026-08-17T06:31:41.573328Z  INFO tailwindcss_oxide::scanner: Reading "/home/z/my-project/Clean_Aethelgard-Strategic-Insights/application/src/app/api/federated/route.ts"
2026-08-17T06:31:41.573330Z  INFO tailwindcss_oxide::scanner: Reading "/home/z/my-project/Clean_Aethelgard-Strategic-Insights/application/components/ui/carousel.tsx"
2026-08-17T06:31:41.573344Z  INFO tailwindcss_oxide::scanner: Reading "/home/z/my-project/Clean_Aethelgard-Strategic-Insights/application/src/app/api/ar-vr/route.ts"
2026-08-17T06:31:41.573348Z  INFO tailwindcss_oxide::scanner: Reading "/home/z/my-project/Clean_Aethelgard-Strategic-Insights/application/components/ui/switch.tsx"
2026-08-17T06:31:41.573354Z  INFO tailwindcss_oxide::scanner: Reading "/home/z/my-project/Clean_Aethelgard-Strategic-Insights/application/src/app/api/ai-scientist/route.ts"
2026-08-17T06:31:41.573362Z  INFO tailwindcss_oxide::scanner: Reading "/home/z/my-project/Clean_Aethelgard-Strategic-Insights/application/components/ui/tabs.tsx"
2026-08-17T06:31:41.573364Z  INFO tailwindcss_oxide::scanner: Reading "/home/z/my-project/Clean_Aethelgard-Strategic-Insights/application/src/app/api/digital-twins/route.ts"
2026-08-17T06:31:41.573373Z  INFO tailwindcss_oxide::scanner: Reading "/home/z/my-project/Clean_Aethelgard-Strategic-Insights/application/components/ui/label.tsx"
2026-08-17T06:31:41.573375Z  INFO tailwindcss_oxide::scanner: Reading "/home/z/my-project/Clean_Aethelgard-Strategic-Insights/application/src/app/api/multimodal/route.ts"
2026-08-17T06:31:41.573385Z  INFO tailwindcss_oxide::scanner: Reading "/home/z/my-project/Clean_Aethelgard-Strategic-Insights/application/src/app/api/prediction/route.ts"
2026-08-17T06:31:41.573387Z  INFO tailwindcss_oxide::scanner: Reading "/home/z/my-project/Clean_Aethelgard-Strategic-Insights/application/components/ui/tooltip.tsx"
2026-08-17T06:31:41.573399Z  INFO tailwindcss_oxide::scanner: Reading "/home/z/my-project/Clean_Aethelgard-Strategic-Insights/application/src/app/api/quantum/route.ts"
2026-08-17T06:31:41.573408Z  INFO tailwindcss_oxide::scanner: Reading "/home/z/my-project/Clean_Aethelgard-Strategic-Insights/application/src/app/api/synthesis/route.ts"
2026-08-17T06:31:41.573412Z  INFO tailwindcss_oxide::scanner: Reading "/home/z/my-project/Clean_Aethelgard-Strategic-Insights/application/components/dashboard/DataFlowVisualization.tsx"
2026-08-17T06:31:41.573416Z  INFO tailwindcss_oxide::scanner: Reading "/home/z/my-project/Clean_Aethelgard-Strategic-Insights/application/src/app/api/blockchain/route.ts"
2026-08-17T06:31:41.573426Z  INFO tailwindcss_oxide::scanner: Reading "/home/z/my-project/Clean_Aethelgard-Strategic-Insights/application/components/dashboard/QuickActionsPanel.tsx"
2026-08-17T06:31:41.573428Z  INFO tailwindcss_oxide::scanner: Reading "/home/z/my-project/Clean_Aethelgard-Strategic-Insights/application/src/app/api/genomics/route.ts"
2026-08-17T06:31:41.573441Z  INFO tailwindcss_oxide::scanner: Reading "/home/z/my-project/Clean_Aethelgard-Strategic-Insights/application/components/dashboard/SystemHealthBanner.tsx"
2026-08-17T06:31:41.573444Z  INFO tailwindcss_oxide::scanner: Reading "/home/z/my-project/Clean_Aethelgard-Strategic-Insights/application/src/components/future/index.ts"
2026-08-17T06:31:41.573464Z  INFO tailwindcss_oxide::scanner: Reading "/home/z/my-project/Clean_Aethelgard-Strategic-Insights/application/components/dashboard/ResourceCharts.tsx"
2026-08-17T06:31:41.573465Z  INFO tailwindcss_oxide::scanner: Reading "/home/z/my-project/Clean_Aethelgard-Strategic-Insights/application/src/components/future/federated/FederatedLearningHub.tsx"
2026-08-17T06:31:41.573488Z  INFO tailwindcss_oxide::scanner: Reading "/home/z/my-project/Clean_Aethelgard-Strategic-Insights/application/src/components/future/ar-vr/ARVRVisualization.tsx"
2026-08-17T06:31:41.573510Z  INFO tailwindcss_oxide::scanner: Reading "/home/z/my-project/Clean_Aethelgard-Strategic-Insights/application/components/dashboard/AlertsPanel.tsx"
2026-08-17T06:31:41.573520Z  INFO tailwindcss_oxide::scanner: Reading "/home/z/my-project/Clean_Aethelgard-Strategic-Insights/application/src/components/future/ai-scientist/AIScientistWorkspace.tsx"
2026-08-17T06:31:41.573532Z  INFO tailwindcss_oxide::scanner: Reading "/home/z/my-project/Clean_Aethelgard-Strategic-Insights/application/components/ml/MLPipelineSkeleton.tsx"
2026-08-17T06:31:41.573541Z  INFO tailwindcss_oxide::scanner: Reading "/home/z/my-project/Clean_Aethelgard-Strategic-Insights/application/src/components/future/digital-twins/DigitalTwinsDashboard.tsx"
2026-08-17T06:31:41.573549Z  INFO tailwindcss_oxide::scanner: Reading "/home/z/my-project/Clean_Aethelgard-Strategic-Insights/application/components/analytics/AnalyticsSkeleton.tsx"
2026-08-17T06:31:41.573562Z  INFO tailwindcss_oxide::scanner: Reading "/home/z/my-project/Clean_Aethelgard-Strategic-Insights/application/src/components/future/multimodal/MultimodalAIEngine.tsx"
2026-08-17T06:31:41.573569Z  INFO tailwindcss_oxide::scanner: Reading "/home/z/my-project/Clean_Aethelgard-Strategic-Insights/application/components/integrations/IntegrationHubSkeleton.tsx"
2026-08-17T06:31:41.573577Z  INFO tailwindcss_oxide::scanner: Reading "/home/z/my-project/Clean_Aethelgard-Strategic-Insights/application/src/components/future/prediction/RealTimePrediction.tsx"
2026-08-17T06:31:41.573596Z  INFO tailwindcss_oxide::scanner: Reading "/home/z/my-project/Clean_Aethelgard-Strategic-Insights/application/src/components/future/quantum/QuantumComputingPanel.tsx"
2026-08-17T06:31:41.573606Z  INFO tailwindcss_oxide::scanner: Reading "/home/z/my-project/Clean_Aethelgard-Strategic-Insights/application/components/observability/SystemObservability.tsx"
2026-08-17T06:31:41.573609Z  INFO tailwindcss_oxide::scanner: Reading "/home/z/my-project/Clean_Aethelgard-Strategic-Insights/application/src/components/future/synthesis/SynthesisPlanner.tsx"
2026-08-17T06:31:41.573629Z  INFO tailwindcss_oxide::scanner: Reading "/home/z/my-project/Clean_Aethelgard-Strategic-Insights/application/src/components/future/blockchain/BlockchainProvenance.tsx"
2026-08-17T06:31:41.573632Z  INFO tailwindcss_oxide::scanner: Reading "/home/z/my-project/Clean_Aethelgard-Strategic-Insights/application/components/file-processing/FormatConverter.tsx"
2026-08-17T06:31:41.573642Z  INFO tailwindcss_oxide::scanner: Reading "/home/z/my-project/Clean_Aethelgard-Strategic-Insights/application/src/components/future/genomics/GenomicsPlatform.tsx"
2026-08-17T06:31:41.573653Z  INFO tailwindcss_oxide::scanner: Reading "/home/z/my-project/Clean_Aethelgard-Strategic-Insights/application/middleware.ts"
2026-08-17T06:31:41.573653Z  INFO tailwindcss_oxide::scanner: Reading "/home/z/my-project/Clean_Aethelgard-Strategic-Insights/application/components/file-processing/ProcessingQueue.tsx"
2026-08-17T06:31:41.573664Z  INFO tailwindcss_oxide::scanner: Reading "/home/z/my-project/Clean_Aethelgard-Strategic-Insights/application/hooks/useFrontendHub.ts"
2026-08-17T06:31:41.573669Z  INFO tailwindcss_oxide::scanner: Reading "/home/z/my-project/Clean_Aethelgard-Strategic-Insights/application/components/file-processing/FileUploadZone.tsx"
2026-08-17T06:31:41.573677Z  INFO tailwindcss_oxide::scanner: Reading "/home/z/my-project/Clean_Aethelgard-Strategic-Insights/application/hooks/use-toast.ts"
2026-08-17T06:31:41.573692Z  INFO tailwindcss_oxide::scanner: Reading "/home/z/my-project/Clean_Aethelgard-Strategic-Insights/application/hooks/usePerformance.ts"
2026-08-17T06:31:41.573698Z  INFO tailwindcss_oxide::scanner: Reading "/home/z/my-project/Clean_Aethelgard-Strategic-Insights/application/hooks/use-mobile.ts"
2026-08-17T06:31:41.573702Z  INFO tailwindcss_oxide::scanner: Reading "/home/z/my-project/Clean_Aethelgard-Strategic-Insights/application/components/studio/AnnotationOverlay.tsx"
2026-08-17T06:31:41.573709Z  INFO tailwindcss_oxide::scanner: Reading "/home/z/my-project/Clean_Aethelgard-Strategic-Insights/application/hooks/useAIStreaming.ts"
2026-08-17T06:31:41.573720Z  INFO tailwindcss_oxide::scanner: Reading "/home/z/my-project/Clean_Aethelgard-Strategic-Insights/application/hooks/useSystemStatus.ts"
2026-08-17T06:31:41.573721Z  INFO tailwindcss_oxide::scanner: Reading "/home/z/my-project/Clean_Aethelgard-Strategic-Insights/application/components/studio/PreviewToolbar.tsx"
2026-08-17T06:31:41.573734Z  INFO tailwindcss_oxide::scanner: Reading "/home/z/my-project/Clean_Aethelgard-Strategic-Insights/application/package.json"
2026-08-17T06:31:41.573752Z  INFO tailwindcss_oxide::scanner: Reading "/home/z/my-project/Clean_Aethelgard-Strategic-Insights/application/components/studio/MoleculeViewer.tsx"
2026-08-17T06:31:41.573759Z  INFO tailwindcss_oxide::scanner: Reading "/home/z/my-project/Clean_Aethelgard-Strategic-Insights/application/prisma/seed.ts"
2026-08-17T06:31:41.573767Z  INFO tailwindcss_oxide::scanner: Reading "/home/z/my-project/Clean_Aethelgard-Strategic-Insights/application/prisma/schema.prisma"
2026-08-17T06:31:41.573781Z  INFO tailwindcss_oxide::scanner: Reading "/home/z/my-project/Clean_Aethelgard-Strategic-Insights/application/components/studio/CommandPalette.tsx"
2026-08-17T06:31:41.573790Z  INFO tailwindcss_oxide::scanner: Reading "/home/z/my-project/Clean_Aethelgard-Strategic-Insights/application/SETUP_GUIDE.md"
2026-08-17T06:31:41.573809Z  INFO tailwindcss_oxide::scanner: Reading "/home/z/my-project/Clean_Aethelgard-Strategic-Insights/application/components/studio/AutoDemoPlayer.tsx"
2026-08-17T06:31:41.573812Z  INFO tailwindcss_oxide::scanner: Reading "/home/z/my-project/Clean_Aethelgard-Strategic-Insights/application/lib/db.ts"
2026-08-17T06:31:41.573822Z  INFO tailwindcss_oxide::scanner: Reading "/home/z/my-project/Clean_Aethelgard-Strategic-Insights/application/lib/file-parser.ts"
2026-08-17T06:31:41.573832Z  INFO tailwindcss_oxide::scanner: Reading "/home/z/my-project/Clean_Aethelgard-Strategic-Insights/application/lib/analytics-skeleton.ts"
2026-08-17T06:31:41.573843Z  INFO tailwindcss_oxide::scanner: Reading "/home/z/my-project/Clean_Aethelgard-Strategic-Insights/application/lib/types/files.ts"
2026-08-17T06:31:41.573850Z  INFO tailwindcss_oxide::scanner: Reading "/home/z/my-project/Clean_Aethelgard-Strategic-Insights/application/lib/types/auth.ts"
2026-08-17T06:31:41.573858Z  INFO tailwindcss_oxide::scanner: Reading "/home/z/my-project/Clean_Aethelgard-Strategic-Insights/application/lib/types/observability.ts"
2026-08-17T06:31:41.573864Z  INFO tailwindcss_oxide::scanner: Reading "/home/z/my-project/Clean_Aethelgard-Strategic-Insights/application/lib/types/experiments.ts"
2026-08-17T06:31:41.573875Z  INFO tailwindcss_oxide::scanner: Reading "/home/z/my-project/Clean_Aethelgard-Strategic-Insights/application/lib/types/streaming.ts"
2026-08-17T06:31:41.573887Z  INFO tailwindcss_oxide::scanner: Reading "/home/z/my-project/Clean_Aethelgard-Strategic-Insights/application/lib/drug-discovery-prompts.ts"
2026-08-17T06:31:41.573891Z  INFO tailwindcss_oxide::scanner: Reading "/home/z/my-project/Clean_Aethelgard-Strategic-Insights/application/components/studio/AethelgardStudio.tsx"
2026-08-17T06:31:41.573911Z  INFO tailwindcss_oxide::scanner: Reading "/home/z/my-project/Clean_Aethelgard-Strategic-Insights/application/lib/integrations-skeleton.ts"
2026-08-17T06:31:41.573917Z  INFO tailwindcss_oxide::scanner: Reading "/home/z/my-project/Clean_Aethelgard-Strategic-Insights/application/components/studio/useSessionPersistence.ts"
2026-08-17T06:31:41.573927Z  INFO tailwindcss_oxide::scanner: Reading "/home/z/my-project/Clean_Aethelgard-Strategic-Insights/application/lib/frontend-hub.ts"
2026-08-17T06:31:41.573933Z  INFO tailwindcss_oxide::scanner: Reading "/home/z/my-project/Clean_Aethelgard-Strategic-Insights/application/components/studio/AIConfigProvider.tsx"
2026-08-17T06:31:41.573947Z  INFO tailwindcss_oxide::scanner: Reading "/home/z/my-project/Clean_Aethelgard-Strategic-Insights/application/lib/moleculeParser.ts"
2026-08-17T06:31:41.573956Z  INFO tailwindcss_oxide::scanner: Reading "/home/z/my-project/Clean_Aethelgard-Strategic-Insights/application/components/collab/CollaborationSkeleton.tsx"
2026-08-17T06:31:41.573964Z  INFO tailwindcss_oxide::scanner: Reading "/home/z/my-project/Clean_Aethelgard-Strategic-Insights/application/lib/streaming-mock-data.ts"
2026-08-17T06:31:41.573993Z  INFO tailwindcss_oxide::scanner: Reading "/home/z/my-project/Clean_Aethelgard-Strategic-Insights/application/lib/asyncErrorHandler.ts"
2026-08-17T06:31:41.573995Z  INFO tailwindcss_oxide::scanner: Reading "/home/z/my-project/Clean_Aethelgard-Strategic-Insights/application/components/landing/SystemStatusSection.tsx"
2026-08-17T06:31:41.574001Z  INFO tailwindcss_oxide::scanner: Reading "/home/z/my-project/Clean_Aethelgard-Strategic-Insights/application/lib/collaboration-skeleton.ts"
2026-08-17T06:31:41.574015Z  INFO tailwindcss_oxide::scanner: Reading "/home/z/my-project/Clean_Aethelgard-Strategic-Insights/application/lib/ml-pipeline-skeleton.ts"
2026-08-17T06:31:41.574017Z  INFO tailwindcss_oxide::scanner: Reading "/home/z/my-project/Clean_Aethelgard-Strategic-Insights/application/components/landing/FeatureShowcase.tsx"
2026-08-17T06:31:41.574032Z  INFO tailwindcss_oxide::scanner: Reading "/home/z/my-project/Clean_Aethelgard-Strategic-Insights/application/lib/communication-tracker.ts"
2026-08-17T06:31:41.574037Z  INFO tailwindcss_oxide::scanner: Reading "/home/z/my-project/Clean_Aethelgard-Strategic-Insights/application/components/landing/CTASection.tsx"
2026-08-17T06:31:41.574042Z  INFO tailwindcss_oxide::scanner: Reading "/home/z/my-project/Clean_Aethelgard-Strategic-Insights/application/lib/utils.ts"
2026-08-17T06:31:41.574050Z  INFO tailwindcss_oxide::scanner: Reading "/home/z/my-project/Clean_Aethelgard-Strategic-Insights/application/tsconfig.json"
2026-08-17T06:31:41.574052Z  INFO tailwindcss_oxide::scanner: Reading "/home/z/my-project/Clean_Aethelgard-Strategic-Insights/application/components/landing/Footer.tsx"
2026-08-17T06:31:41.574059Z  INFO tailwindcss_oxide::scanner: Reading "/home/z/my-project/Clean_Aethelgard-Strategic-Insights/application/next.config.ts"
2026-08-17T06:31:41.574073Z  INFO tailwindcss_oxide::scanner: Reading "/home/z/my-project/Clean_Aethelgard-Strategic-Insights/application/components/landing/HeroSection.tsx"
2026-08-17T06:31:41.574082Z  INFO tailwindcss_oxide::scanner: Reading "/home/z/my-project/Clean_Aethelgard-Strategic-Insights/application/components/streaming/SparkDashboard.tsx"
2026-08-17T06:31:41.574089Z  INFO tailwindcss_oxide::scanner: Reading "/home/z/my-project/Clean_Aethelgard-Strategic-Insights/application/components/landing/ArchitectureSection.tsx"
2026-08-17T06:31:41.574094Z  INFO tailwindcss_oxide::scanner: Reading "/home/z/my-project/Clean_Aethelgard-Strategic-Insights/application/components/streaming/PipelineTopology.tsx"
2026-08-17T06:31:41.574105Z  INFO tailwindcss_oxide::scanner: Reading "/home/z/my-project/Clean_Aethelgard-Strategic-Insights/application/components/landing/ProblemSection.tsx"
2026-08-17T06:31:41.574106Z  INFO tailwindcss_oxide::scanner: Reading "/home/z/my-project/Clean_Aethelgard-Strategic-Insights/application/components/streaming/ThroughputChart.tsx"
2026-08-17T06:31:41.574119Z  INFO tailwindcss_oxide::scanner: Reading "/home/z/my-project/Clean_Aethelgard-Strategic-Insights/application/components/streaming/StreamingMetricsCard.tsx"
2026-08-17T06:31:41.574134Z  INFO tailwindcss_oxide::scanner: Reading "/home/z/my-project/Clean_Aethelgard-Strategic-Insights/application/components/landing/SolutionSection.tsx"
2026-08-17T06:31:41.574135Z  INFO tailwindcss_oxide::scanner: Reading "/home/z/my-project/Clean_Aethelgard-Strategic-Insights/application/components/streaming/FlinkDashboard.tsx"
2026-08-17T06:31:41.574150Z  INFO tailwindcss_oxide::scanner: Reading "/home/z/my-project/Clean_Aethelgard-Strategic-Insights/application/components/ui/button.tsx"
2026-08-17T06:31:41.574155Z  INFO tailwindcss_oxide::scanner: Reading "/home/z/my-project/Clean_Aethelgard-Strategic-Insights/application/components/future/index.ts"
2026-08-17T06:31:41.574167Z  INFO tailwindcss_oxide::scanner: Reading "/home/z/my-project/Clean_Aethelgard-Strategic-Insights/application/components/ui/dropdown-menu.tsx"
2026-08-17T06:31:41.574181Z  INFO tailwindcss_oxide::scanner: Reading "/home/z/my-project/Clean_Aethelgard-Strategic-Insights/application/components/future/federated/FederatedLearningHub.tsx"
2026-08-17T06:31:41.574186Z  INFO tailwindcss_oxide::scanner: Reading "/home/z/my-project/Clean_Aethelgard-Strategic-Insights/application/components/ui/badge.tsx"
2026-08-17T06:31:41.574200Z  INFO tailwindcss_oxide::scanner: Reading "/home/z/my-project/Clean_Aethelgard-Strategic-Insights/application/components/ui/collapsible.tsx"
2026-08-17T06:31:41.574202Z  INFO tailwindcss_oxide::scanner: Reading "/home/z/my-project/Clean_Aethelgard-Strategic-Insights/application/components/future/ar-vr/ARVRVisualization.tsx"
2026-08-17T06:31:41.574212Z  INFO tailwindcss_oxide::scanner: Reading "/home/z/my-project/Clean_Aethelgard-Strategic-Insights/application/components/ui/select.tsx"
2026-08-17T06:31:41.574224Z  INFO tailwindcss_oxide::scanner: Reading "/home/z/my-project/Clean_Aethelgard-Strategic-Insights/application/components/ui/dialog.tsx"
2026-08-17T06:31:41.574225Z  INFO tailwindcss_oxide::scanner: Reading "/home/z/my-project/Clean_Aethelgard-Strategic-Insights/application/components/future/ai-scientist/AIScientistWorkspace.tsx"
2026-08-17T06:31:41.574240Z  INFO tailwindcss_oxide::scanner: Reading "/home/z/my-project/Clean_Aethelgard-Strategic-Insights/application/components/ui/scroll-area.tsx"
2026-08-17T06:31:41.574250Z  INFO tailwindcss_oxide::scanner: Reading "/home/z/my-project/Clean_Aethelgard-Strategic-Insights/application/components/ui/resizable.tsx"
2026-08-17T06:31:41.574258Z  INFO tailwindcss_oxide::scanner: Reading "/home/z/my-project/Clean_Aethelgard-Strategic-Insights/application/components/ui/textarea.tsx"
2026-08-17T06:31:41.574258Z  INFO tailwindcss_oxide::scanner: Reading "/home/z/my-project/Clean_Aethelgard-Strategic-Insights/application/components/future/digital-twins/DigitalTwinsDashboard.tsx"
2026-08-17T06:31:41.574265Z  INFO tailwindcss_oxide::scanner: Reading "/home/z/my-project/Clean_Aethelgard-Strategic-Insights/application/components/ui/toaster.tsx"
2026-08-17T06:31:41.574273Z  INFO tailwindcss_oxide::scanner: Reading "/home/z/my-project/Clean_Aethelgard-Strategic-Insights/application/components/ui/separator.tsx"
2026-08-17T06:31:41.574282Z  INFO tailwindcss_oxide::scanner: Reading "/home/z/my-project/Clean_Aethelgard-Strategic-Insights/application/components/ui/avatar.tsx"
2026-08-17T06:31:41.574285Z  INFO tailwindcss_oxide::scanner: Reading "/home/z/my-project/Clean_Aethelgard-Strategic-Insights/application/components/future/multimodal/MultimodalAIEngine.tsx"
2026-08-17T06:31:41.574293Z  INFO tailwindcss_oxide::scanner: Reading "/home/z/my-project/Clean_Aethelgard-Strategic-Insights/application/components/ui/input-otp.tsx"
2026-08-17T06:31:41.574305Z  INFO tailwindcss_oxide::scanner: Reading "/home/z/my-project/Clean_Aethelgard-Strategic-Insights/application/components/ui/menubar.tsx"
2026-08-17T06:31:41.574310Z  INFO tailwindcss_oxide::scanner: Reading "/home/z/my-project/Clean_Aethelgard-Strategic-Insights/application/components/future/prediction/RealTimePrediction.tsx"
2026-08-17T06:31:41.574327Z  INFO tailwindcss_oxide::scanner: Reading "/home/z/my-project/Clean_Aethelgard-Strategic-Insights/application/components/ui/sidebar.tsx"
2026-08-17T06:31:41.574334Z  INFO tailwindcss_oxide::scanner: Reading "/home/z/my-project/Clean_Aethelgard-Strategic-Insights/application/components/ui/aspect-ratio.tsx"
2026-08-17T06:31:41.574335Z  INFO tailwindcss_oxide::scanner: Reading "/home/z/my-project/Clean_Aethelgard-Strategic-Insights/application/components/future/quantum/QuantumComputingPanel.tsx"
2026-08-17T06:31:41.574343Z  INFO tailwindcss_oxide::scanner: Reading "/home/z/my-project/Clean_Aethelgard-Strategic-Insights/application/components/ui/progress.tsx"
2026-08-17T06:31:41.574355Z  INFO tailwindcss_oxide::scanner: Reading "/home/z/my-project/Clean_Aethelgard-Strategic-Insights/application/components/ui/checkbox.tsx"
2026-08-17T06:31:41.574358Z  INFO tailwindcss_oxide::scanner: Reading "/home/z/my-project/Clean_Aethelgard-Strategic-Insights/application/components/future/synthesis/SynthesisPlanner.tsx"
2026-08-17T06:31:41.574369Z  INFO tailwindcss_oxide::scanner: Reading "/home/z/my-project/Clean_Aethelgard-Strategic-Insights/application/components/ui/accordion.tsx"
2026-08-17T06:31:41.574378Z  INFO tailwindcss_oxide::scanner: Reading "/home/z/my-project/Clean_Aethelgard-Strategic-Insights/application/components/ui/sonner.tsx"
2026-08-17T06:31:41.574382Z  INFO tailwindcss_oxide::scanner: Reading "/home/z/my-project/Clean_Aethelgard-Strategic-Insights/application/components/future/blockchain/BlockchainProvenance.tsx"
2026-08-17T06:31:41.574385Z  INFO tailwindcss_oxide::scanner: Reading "/home/z/my-project/Clean_Aethelgard-Strategic-Insights/application/components/ui/alert.tsx"
2026-08-17T06:31:41.574396Z  INFO tailwindcss_oxide::scanner: Reading "/home/z/my-project/Clean_Aethelgard-Strategic-Insights/application/components/ui/table.tsx"
2026-08-17T06:31:41.574407Z  INFO tailwindcss_oxide::scanner: Reading "/home/z/my-project/Clean_Aethelgard-Strategic-Insights/application/components/ui/skeleton.tsx"
2026-08-17T06:31:41.574410Z  INFO tailwindcss_oxide::scanner: Reading "/home/z/my-project/Clean_Aethelgard-Strategic-Insights/application/components/future/genomics/GenomicsPlatform.tsx"
2026-08-17T06:31:41.574413Z  INFO tailwindcss_oxide::scanner: Reading "/home/z/my-project/Clean_Aethelgard-Strategic-Insights/application/components/ui/card.tsx"
2026-08-17T06:31:41.574423Z  INFO tailwindcss_oxide::scanner: Reading "/home/z/my-project/Clean_Aethelgard-Strategic-Insights/application/components/ui/input.tsx"
2026-08-17T06:31:41.574430Z  INFO tailwindcss_oxide::scanner: Reading "/home/z/my-project/Clean_Aethelgard-Strategic-Insights/application/components/auth/LoginForm.tsx"
2026-08-17T06:31:41.574432Z  INFO tailwindcss_oxide::scanner: Reading "/home/z/my-project/Clean_Aethelgard-Strategic-Insights/application/components/ui/popover.tsx"
2026-08-17T06:31:41.574446Z  INFO tailwindcss_oxide::scanner: Reading "/home/z/my-project/Clean_Aethelgard-Strategic-Insights/application/components/ui/context-menu.tsx"
2026-08-17T06:31:41.574448Z  INFO tailwindcss_oxide::scanner: Reading "/home/z/my-project/Clean_Aethelgard-Strategic-Insights/application/components/auth/AuthProvider.tsx"
2026-08-17T06:31:41.574461Z  INFO tailwindcss_oxide::scanner: Reading "/home/z/my-project/Clean_Aethelgard-Strategic-Insights/application/components/ui/navigation-menu.tsx"
2026-08-17T06:31:41.574469Z  INFO tailwindcss_oxide::scanner: Reading "/home/z/my-project/Clean_Aethelgard-Strategic-Insights/application/components/auth/UserMenu.tsx"
2026-08-17T06:31:41.574471Z  INFO tailwindcss_oxide::scanner: Reading "/home/z/my-project/Clean_Aethelgard-Strategic-Insights/application/components/ui/radio-group.tsx"
2026-08-17T06:31:41.574509Z  INFO tailwindcss_oxide::scanner: Reading "/home/z/my-project/Clean_Aethelgard-Strategic-Insights/application/components/ui/form.tsx"
2026-08-17T06:31:41.574510Z  INFO tailwindcss_oxide::scanner: Reading "/home/z/my-project/Clean_Aethelgard-Strategic-Insights/application/API_DOCUMENTATION.md"
2026-08-17T06:31:41.574527Z  INFO tailwindcss_oxide::scanner: Reading "/home/z/my-project/Clean_Aethelgard-Strategic-Insights/application/components/ui/calendar.tsx"
2026-08-17T06:31:41.574534Z  INFO tailwindcss_oxide::scanner: Reading "/home/z/my-project/Clean_Aethelgard-Strategic-Insights/application/components/ui/toggle-group.tsx"
2026-08-17T06:31:41.574542Z  INFO tailwindcss_oxide::scanner: Reading "/home/z/my-project/Clean_Aethelgard-Strategic-Insights/application/components/ui/command.tsx"
2026-08-17T06:31:41.574552Z  INFO tailwindcss_oxide::scanner: Reading "/home/z/my-project/Clean_Aethelgard-Strategic-Insights/application/tailwind.config.ts"
2026-08-17T06:31:41.574554Z  INFO tailwindcss_oxide::scanner: Reading "/home/z/my-project/Clean_Aethelgard-Strategic-Insights/application/components/ui/chart.tsx"
2026-08-17T06:31:41.574564Z  INFO tailwindcss_oxide::scanner: Reading "/home/z/my-project/Clean_Aethelgard-Strategic-Insights/Dockerfile"
2026-08-17T06:31:41.574566Z  INFO tailwindcss_oxide::scanner: Reading "/home/z/my-project/Clean_Aethelgard-Strategic-Insights/application/components/ui/sheet.tsx"
2026-08-17T06:31:41.574592Z  INFO tailwindcss_oxide::scanner: Reading "/home/z/my-project/Clean_Aethelgard-Strategic-Insights/application/components/ui/drawer.tsx"
2026-08-17T06:31:41.574599Z  INFO tailwindcss_oxide::scanner: Reading "/home/z/my-project/Clean_Aethelgard-Strategic-Insights/application/components/ui/slider.tsx"
2026-08-17T06:31:41.574611Z  INFO tailwindcss_oxide::scanner: Reading "/home/z/my-project/Clean_Aethelgard-Strategic-Insights/application/components/ui/alert-dialog.tsx"
2026-08-17T06:31:41.574610Z  INFO tailwindcss_oxide::scanner: Reading "/home/z/my-project/Clean_Aethelgard-Strategic-Insights/resources/screenshots/README.md"
2026-08-17T06:31:41.574621Z  INFO tailwindcss_oxide::scanner: Reading "/home/z/my-project/Clean_Aethelgard-Strategic-Insights/application/components/ui/toast.tsx"
2026-08-17T06:31:41.574639Z  INFO tailwindcss_oxide::scanner: Reading "/home/z/my-project/Clean_Aethelgard-Strategic-Insights/application/components/ui/hover-card.tsx"
2026-08-17T06:31:41.574640Z  INFO tailwindcss_oxide::scanner: Reading "/home/z/my-project/Clean_Aethelgard-Strategic-Insights/docker-compose.yml"
2026-08-17T06:31:41.574657Z  INFO tailwindcss_oxide::scanner: Reading "/home/z/my-project/Clean_Aethelgard-Strategic-Insights/dist/healthcheck.sh"
2026-08-17T06:31:41.574660Z  INFO tailwindcss_oxide::scanner: Reading "/home/z/my-project/cloned-repo/src/hooks/use-toast.ts"
2026-08-17T06:31:41.574669Z  INFO tailwindcss_oxide::scanner: Reading "/home/z/my-project/cloned-repo/src/hooks/use-mobile.ts"
2026-08-17T06:31:41.574668Z  INFO tailwindcss_oxide::scanner: Reading "/home/z/my-project/Clean_Aethelgard-Strategic-Insights/dist/Dockerfile"
2026-08-17T06:31:41.574677Z  INFO tailwindcss_oxide::scanner: Reading "/home/z/my-project/cloned-repo/src/lib/db.ts"
2026-08-17T06:31:41.574685Z  INFO tailwindcss_oxide::scanner: Reading "/home/z/my-project/Clean_Aethelgard-Strategic-Insights/dist/docker-compose.yml"
2026-08-17T06:31:41.574690Z  INFO tailwindcss_oxide::scanner: Reading "/home/z/my-project/cloned-repo/src/lib/utils.ts"
2026-08-17T06:31:41.574697Z  INFO tailwindcss_oxide::scanner: Reading "/home/z/my-project/Clean_Aethelgard-Strategic-Insights/dist/start.sh"
2026-08-17T06:31:41.574701Z  INFO tailwindcss_oxide::scanner: Reading "/home/z/my-project/cloned-repo/src/components/ui/button.tsx"
2026-08-17T06:31:41.574712Z  INFO tailwindcss_oxide::scanner: Reading "/home/z/my-project/Clean_Aethelgard-Strategic-Insights/dist/DEPLOYMENT.md"
2026-08-17T06:31:41.574713Z  INFO tailwindcss_oxide::scanner: Reading "/home/z/my-project/cloned-repo/src/components/ui/dropdown-menu.tsx"
2026-08-17T06:31:41.574725Z  INFO tailwindcss_oxide::scanner: Reading "/home/z/my-project/cloned-repo/src/components/ui/badge.tsx"
2026-08-17T06:31:41.574733Z  INFO tailwindcss_oxide::scanner: Reading "/home/z/my-project/cloned-repo/src/components/ui/collapsible.tsx"
2026-08-17T06:31:41.574733Z  INFO tailwindcss_oxide::scanner: Reading "/home/z/my-project/Clean_Aethelgard-Strategic-Insights/dist/VERSION.json"
2026-08-17T06:31:41.574748Z  INFO tailwindcss_oxide::scanner: Reading "/home/z/my-project/cloned-repo/src/components/ui/select.tsx"
2026-08-17T06:31:41.574758Z  INFO tailwindcss_oxide::scanner: Reading "/home/z/my-project/cloned-repo/src/components/ui/dialog.tsx"
2026-08-17T06:31:41.574761Z  INFO tailwindcss_oxide::scanner: Reading "/home/z/my-project/Clean_Aethelgard-Strategic-Insights/SKILLS.md"
2026-08-17T06:31:41.574765Z  INFO tailwindcss_oxide::scanner: Reading "/home/z/my-project/cloned-repo/src/components/ui/scroll-area.tsx"
2026-08-17T06:31:41.574780Z  INFO tailwindcss_oxide::scanner: Reading "/home/z/my-project/cloned-repo/src/components/ui/resizable.tsx"
2026-08-17T06:31:41.574790Z  INFO tailwindcss_oxide::scanner: Reading "/home/z/my-project/cloned-repo/src/components/ui/textarea.tsx"
2026-08-17T06:31:41.574801Z  INFO tailwindcss_oxide::scanner: Reading "/home/z/my-project/cloned-repo/src/components/ui/toaster.tsx"
2026-08-17T06:31:41.574811Z  INFO tailwindcss_oxide::scanner: Reading "/home/z/my-project/cloned-repo/src/components/ui/separator.tsx"
2026-08-17T06:31:41.574819Z  INFO tailwindcss_oxide::scanner: Reading "/home/z/my-project/cloned-repo/src/components/ui/avatar.tsx"
2026-08-17T06:31:41.574827Z  INFO tailwindcss_oxide::scanner: Reading "/home/z/my-project/cloned-repo/src/components/ui/input-otp.tsx"
2026-08-17T06:31:41.574840Z  INFO tailwindcss_oxide::scanner: Reading "/home/z/my-project/cloned-repo/src/components/ui/menubar.tsx"
2026-08-17T06:31:41.574861Z  INFO tailwindcss_oxide::scanner: Reading "/home/z/my-project/cloned-repo/src/components/ui/sidebar.tsx"
2026-08-17T06:31:41.574868Z  INFO tailwindcss_oxide::scanner: Reading "/home/z/my-project/cloned-repo/src/components/ui/aspect-ratio.tsx"
2026-08-17T06:31:41.574876Z  INFO tailwindcss_oxide::scanner: Reading "/home/z/my-project/cloned-repo/src/components/ui/progress.tsx"
2026-08-17T06:31:41.574883Z  INFO tailwindcss_oxide::scanner: Reading "/home/z/my-project/cloned-repo/src/components/ui/checkbox.tsx"
2026-08-17T06:31:41.574889Z  INFO tailwindcss_oxide::scanner: Reading "/home/z/my-project/cloned-repo/src/components/ui/accordion.tsx"
2026-08-17T06:31:41.574895Z  INFO tailwindcss_oxide::scanner: Reading "/home/z/my-project/cloned-repo/src/components/ui/sonner.tsx"
2026-08-17T06:31:41.574903Z  INFO tailwindcss_oxide::scanner: Reading "/home/z/my-project/cloned-repo/src/components/ui/alert.tsx"
2026-08-17T06:31:41.574911Z  INFO tailwindcss_oxide::scanner: Reading "/home/z/my-project/cloned-repo/src/components/ui/table.tsx"
2026-08-17T06:31:41.574915Z  INFO tailwindcss_oxide::scanner: Reading "/home/z/my-project/Clean_Aethelgard-Strategic-Insights/strategic-thoughts.txt"
2026-08-17T06:31:41.574919Z  INFO tailwindcss_oxide::scanner: Reading "/home/z/my-project/cloned-repo/src/components/ui/skeleton.tsx"
2026-08-17T06:31:41.574930Z  INFO tailwindcss_oxide::scanner: Reading "/home/z/my-project/cloned-repo/src/components/ui/card.tsx"
2026-08-17T06:31:41.574932Z  INFO tailwindcss_oxide::scanner: Reading "/home/z/my-project/Clean_Aethelgard-Strategic-Insights/DEPLOYMENT.md"
2026-08-17T06:31:41.574938Z  INFO tailwindcss_oxide::scanner: Reading "/home/z/my-project/cloned-repo/src/components/ui/input.tsx"
2026-08-17T06:31:41.574946Z  INFO tailwindcss_oxide::scanner: Reading "/home/z/my-project/cloned-repo/src/components/ui/popover.tsx"
2026-08-17T06:31:41.574957Z  INFO tailwindcss_oxide::scanner: Reading "/home/z/my-project/cloned-repo/src/components/ui/context-menu.tsx"
2026-08-17T06:31:41.574958Z  INFO tailwindcss_oxide::scanner: Reading "/home/z/my-project/Clean_Aethelgard-Strategic-Insights/build.sh"
2026-08-17T06:31:41.574973Z  INFO tailwindcss_oxide::scanner: Reading "/home/z/my-project/cloned-repo/src/components/ui/navigation-menu.tsx"
2026-08-17T06:31:41.574980Z  INFO tailwindcss_oxide::scanner: Reading "/home/z/my-project/cloned-repo/src/components/ui/radio-group.tsx"
2026-08-17T06:31:41.574991Z  INFO tailwindcss_oxide::scanner: Reading "/home/z/my-project/cloned-repo/src/components/ui/form.tsx"
2026-08-17T06:31:41.575003Z  INFO tailwindcss_oxide::scanner: Reading "/home/z/my-project/cloned-repo/src/components/ui/calendar.tsx"
2026-08-17T06:31:41.575007Z  INFO tailwindcss_oxide::scanner: Reading "/home/z/my-project/Clean_Aethelgard-Strategic-Insights/TECHNICAL_ROADMAP_2026_2041.md"
2026-08-17T06:31:41.575012Z  INFO tailwindcss_oxide::scanner: Reading "/home/z/my-project/cloned-repo/src/components/ui/toggle-group.tsx"
2026-08-17T06:31:41.575027Z  INFO tailwindcss_oxide::scanner: Reading "/home/z/my-project/cloned-repo/src/components/ui/command.tsx"
2026-08-17T06:31:41.575038Z  INFO tailwindcss_oxide::scanner: Reading "/home/z/my-project/cloned-repo/src/components/ui/chart.tsx"
2026-08-17T06:31:41.575046Z  INFO tailwindcss_oxide::scanner: Reading "/home/z/my-project/cloned-repo/src/components/ui/sheet.tsx"
2026-08-17T06:31:41.575054Z  INFO tailwindcss_oxide::scanner: Reading "/home/z/my-project/cloned-repo/src/components/ui/drawer.tsx"
2026-08-17T06:31:41.575064Z  INFO tailwindcss_oxide::scanner: Reading "/home/z/my-project/cloned-repo/src/components/ui/slider.tsx"
2026-08-17T06:31:41.575073Z  INFO tailwindcss_oxide::scanner: Reading "/home/z/my-project/cloned-repo/src/components/ui/alert-dialog.tsx"
2026-08-17T06:31:41.575072Z  INFO tailwindcss_oxide::scanner: Reading "/home/z/my-project/Clean_Aethelgard-Strategic-Insights/ENHANCEMENT_ROADMAP_2026.md"
2026-08-17T06:31:41.575084Z  INFO tailwindcss_oxide::scanner: Reading "/home/z/my-project/cloned-repo/src/components/ui/toast.tsx"
2026-08-17T06:31:41.575094Z  INFO tailwindcss_oxide::scanner: Reading "/home/z/my-project/cloned-repo/src/components/ui/hover-card.tsx"
2026-08-17T06:31:41.575103Z  INFO tailwindcss_oxide::scanner: Reading "/home/z/my-project/cloned-repo/src/components/ui/breadcrumb.tsx"
2026-08-17T06:31:41.575109Z  INFO tailwindcss_oxide::scanner: Reading "/home/z/my-project/cloned-repo/src/components/ui/toggle.tsx"
2026-08-17T06:31:41.575119Z  INFO tailwindcss_oxide::scanner: Reading "/home/z/my-project/cloned-repo/src/components/ui/pagination.tsx"
2026-08-17T06:31:41.575129Z  INFO tailwindcss_oxide::scanner: Reading "/home/z/my-project/cloned-repo/src/components/ui/carousel.tsx"
2026-08-17T06:31:41.575129Z  INFO tailwindcss_oxide::scanner: Reading "/home/z/my-project/Clean_Aethelgard-Strategic-Insights/README.md"
2026-08-17T06:31:41.575143Z  INFO tailwindcss_oxide::scanner: Reading "/home/z/my-project/cloned-repo/src/components/ui/switch.tsx"
2026-08-17T06:31:41.575151Z  INFO tailwindcss_oxide::scanner: Reading "/home/z/my-project/cloned-repo/src/components/ui/tabs.tsx"
2026-08-17T06:31:41.575156Z  INFO tailwindcss_oxide::scanner: Reading "/home/z/my-project/cloned-repo/src/components/ui/label.tsx"
2026-08-17T06:31:41.575164Z  INFO tailwindcss_oxide::scanner: Reading "/home/z/my-project/cloned-repo/src/components/ui/tooltip.tsx"
2026-08-17T06:31:41.575173Z  INFO tailwindcss_oxide::scanner: Reading "/home/z/my-project/cloned-repo/public/logo.svg"
2026-08-17T06:31:41.575180Z  INFO tailwindcss_oxide::scanner: Reading "/home/z/my-project/cloned-repo/public/robots.txt"
2026-08-17T06:31:41.575183Z  INFO tailwindcss_oxide::scanner: Reading "/home/z/my-project/Clean_Aethelgard-Strategic-Insights/scripts/build-production.sh"
2026-08-17T06:31:41.575192Z  INFO tailwindcss_oxide::scanner: Reading "/home/z/my-project/cloned-repo/package.json"
2026-08-17T06:31:41.575207Z  INFO tailwindcss_oxide::scanner: Reading "/home/z/my-project/cloned-repo/prisma/schema.prisma"
2026-08-17T06:31:41.575214Z  INFO tailwindcss_oxide::scanner: Reading "/home/z/my-project/cloned-repo/eslint.config.mjs"
2026-08-17T06:31:41.575222Z  INFO tailwindcss_oxide::scanner: Reading "/home/z/my-project/cloned-repo/download/README.md"
2026-08-17T06:31:41.575229Z  INFO tailwindcss_oxide::scanner: Reading "/home/z/my-project/cloned-repo/tsconfig.json"
2026-08-17T06:31:41.575237Z  INFO tailwindcss_oxide::scanner: Reading "/home/z/my-project/cloned-repo/components.json"
2026-08-17T06:31:41.575243Z  INFO tailwindcss_oxide::scanner: Reading "/home/z/my-project/Clean_Aethelgard-Strategic-Insights/strategic-insights.txt"
2026-08-17T06:31:41.575256Z  INFO tailwindcss_oxide::scanner: Reading "/home/z/my-project/cloned-repo/examples/websocket/server.ts"
2026-08-17T06:31:41.575261Z  INFO tailwindcss_oxide::scanner: Reading "/home/z/my-project/Clean_Aethelgard-Strategic-Insights/.dockerignore"
2026-08-17T06:31:41.575269Z  INFO tailwindcss_oxide::scanner: Reading "/home/z/my-project/cloned-repo/examples/websocket/frontend.tsx"
2026-08-17T06:31:41.575274Z  INFO tailwindcss_oxide::scanner: Reading "/home/z/my-project/tsconfig.json"
2026-08-17T06:31:41.575279Z  INFO tailwindcss_oxide::scanner: Reading "/home/z/my-project/cloned-repo/next.config.ts"
2026-08-17T06:31:41.575288Z  INFO tailwindcss_oxide::scanner: Reading "/home/z/my-project/README.md"
2026-08-17T06:31:41.575307Z  INFO tailwindcss_oxide::scanner: Reading "/home/z/my-project/components.json"
2026-08-17T06:31:41.575312Z  INFO tailwindcss_oxide::scanner: Reading "/home/z/my-project/cloned-repo/scripts/generate_previews.py"
2026-08-17T06:31:41.575326Z  INFO tailwindcss_oxide::scanner: Reading "/home/z/my-project/cloned-repo/tests/python-runtime-container.sh"
2026-08-17T06:31:41.575327Z  INFO tailwindcss_oxide::scanner: Reading "/home/z/my-project/cloned-repo/tailwind.config.ts"
2026-08-17T06:31:41.575340Z  INFO tailwindcss_oxide::scanner: Reading "/home/z/my-project/cloned-repo/tests/python-runtime-build.sh"
2026-08-17T06:31:41.575344Z  INFO tailwindcss_oxide::scanner: Reading "/home/z/my-project/cloned-repo/.zscripts/mini-services-build.sh"
2026-08-17T06:31:41.575353Z  INFO tailwindcss_oxide::scanner: Reading "/home/z/my-project/cloned-repo/tests/database-runtime-build.sh"
2026-08-17T06:31:41.575367Z  INFO tailwindcss_oxide::scanner: Reading "/home/z/my-project/cloned-repo/.zscripts/start.sh"
2026-08-17T06:31:41.575369Z  INFO tailwindcss_oxide::scanner: Reading "/home/z/my-project/cloned-repo/Caddyfile"
2026-08-17T06:31:41.575376Z  INFO tailwindcss_oxide::scanner: Reading "/home/z/my-project/cloned-repo/.zscripts/dev.sh"
2026-08-17T06:31:41.575389Z  INFO tailwindcss_oxide::scanner: Reading "/home/z/my-project/cloned-repo/.zscripts/python-runtime-build.sh"
2026-08-17T06:31:41.575400Z  INFO tailwindcss_oxide::scanner: Reading "/home/z/my-project/cloned-repo/.zscripts/build.sh"
2026-08-17T06:31:41.575405Z  INFO tailwindcss_oxide::scanner: Reading "/home/z/my-project/cloned-repo/.zscripts/mini-services-install.sh"
2026-08-17T06:31:41.575411Z  INFO tailwindcss_oxide::scanner: Reading "/home/z/my-project/cloned-repo/.zscripts/database-runtime-build.sh"
2026-08-17T06:31:41.575419Z  INFO tailwindcss_oxide::scanner: Reading "/home/z/my-project/cloned-repo/tool-results/read_1785871213489_bca90436bb99.txt"
2026-08-17T06:31:41.575422Z  INFO tailwindcss_oxide::scanner: Reading "/home/z/my-project/cloned-repo/.zscripts/mini-services-start.sh"
2026-08-17T06:31:41.575431Z  INFO tailwindcss_oxide::scanner: Reading "/home/z/my-project/cloned-repo/.zscripts/dev.pid"
2026-08-17T06:31:41.575433Z  INFO tailwindcss_oxide::scanner: Reading "/home/z/my-project/cloned-repo/postcss.config.mjs"
2026-08-17T06:31:41.575439Z  INFO tailwindcss_oxide::scanner: Reading "/home/z/my-project/LICENSE"
2026-08-17T06:31:41.575445Z  INFO tailwindcss_oxide::scanner: Reading "/home/z/my-project/next.config.ts"
2026-08-17T06:31:41.575446Z  INFO tailwindcss_oxide::scanner: Reading "/home/z/my-project/cloned-repo/mini-services/.gitkeep"
2026-08-17T06:31:41.575453Z  INFO tailwindcss_oxide::scanner: Reading "/home/z/my-project/sync-from-scimpmath.sh"
2026-08-17T06:31:41.575492Z  INFO tailwindcss_oxide::scanner: Reading "/home/z/my-project/scripts/update-oneclick-setup.py"
2026-08-17T06:31:41.575520Z  INFO tailwindcss_oxide::scanner: Reading "/home/z/my-project/scripts/audit-template-gallery.ts"
2026-08-17T06:31:41.575529Z  INFO tailwindcss_oxide::scanner: Reading "/home/z/my-project/cloned-repo/src/app/page.tsx"
2026-08-17T06:31:41.575532Z  INFO tailwindcss_oxide::scanner: Reading "/home/z/my-project/scripts/fix-researchtrends-buttons.py"
2026-08-17T06:31:41.575545Z  INFO tailwindcss_oxide::scanner: Reading "/home/z/my-project/cloned-repo/src/app/layout.tsx"
2026-08-17T06:31:41.575547Z  INFO tailwindcss_oxide::scanner: Reading "/home/z/my-project/scripts/test-interactive-elements.py"
2026-08-17T06:31:41.575559Z  INFO tailwindcss_oxide::scanner: Reading "/home/z/my-project/cloned-repo/src/app/api/route.ts"
2026-08-17T06:31:41.575578Z  INFO tailwindcss_oxide::scanner: Reading "/home/z/my-project/scripts/complete-interactivity-overhaul.py"
2026-08-17T06:31:41.575592Z  INFO tailwindcss_oxide::scanner: Reading "/home/z/my-project/scripts/repo-manager.py"
2026-08-17T06:31:41.575606Z  INFO tailwindcss_oxide::scanner: Reading "/home/z/my-project/scripts/component-audit.py"
2026-08-17T06:31:41.575693Z  INFO tailwindcss_oxide::scanner: Reading "/home/z/my-project/scimspt-repo/endeavorsci.txt"
2026-08-17T06:31:41.575702Z  INFO tailwindcss_oxide::scanner: Reading "/home/z/my-project/scimspt-repo/README.md"
2026-08-17T06:31:41.575711Z  INFO tailwindcss_oxide::scanner: Reading "/home/z/my-project/tailwind.config.ts"
2026-08-17T06:31:41.576058Z  INFO discover_sources: tailwindcss_oxide::scanner: exit
2026-08-17T06:31:41.576068Z  INFO extract_candidates: tailwindcss_oxide::scanner: enter
2026-08-17T06:31:41.576070Z  INFO extract_candidates:parse_all_blobs: tailwindcss_oxide::scanner: enter
2026-08-17T06:31:41.576073Z  INFO extract_candidates:parse_all_blobs:extract: tailwindcss_oxide::scanner: enter
2026-08-17T06:31:41.823374Z  INFO extract_candidates:parse_all_blobs:extract: tailwindcss_oxide::scanner: exit
2026-08-17T06:31:41.824301Z  INFO extract_candidates:parse_all_blobs: tailwindcss_oxide::scanner: exit
2026-08-17T06:31:41.824321Z  INFO extract_candidates:read_all_files: tailwindcss_oxide::scanner: enter
2026-08-17T06:31:41.824322Z  INFO extract_candidates:read_all_files: tailwindcss_oxide::scanner: Reading 21 file(s)
2026-08-17T06:31:41.824416Z  INFO tailwindcss_oxide::scanner: Reading "/home/z/my-project/skills/design/design-systems/brand-inspiration/kami/tokens.css"
2026-08-17T06:31:41.824436Z  INFO tailwindcss_oxide::scanner: Reading "/home/z/my-project/skills/design/design-systems/brand-inspiration/uber/tokens.css"
2026-08-17T06:31:41.824436Z  INFO tailwindcss_oxide::scanner: Reading "/home/z/my-project/skills/design/design-systems/brand-inspiration/apple/tokens.css"
2026-08-17T06:31:41.824448Z  INFO tailwindcss_oxide::scanner: Reading "/home/z/my-project/skills/design/design-systems/brand-inspiration/linear-app/tokens.css"
2026-08-17T06:31:41.824471Z  INFO tailwindcss_oxide::scanner: Reading "/home/z/my-project/skills/design/design-systems/brand-inspiration/vercel/tokens.css"
2026-08-17T06:31:41.824473Z  INFO tailwindcss_oxide::scanner: Reading "/home/z/my-project/skills/design/design-systems/brand-inspiration/spotify/tokens.css"
2026-08-17T06:31:41.824497Z  INFO tailwindcss_oxide::scanner: Reading "/home/z/my-project/skills/design/design-systems/brand-inspiration/shopify/tokens.css"
2026-08-17T06:31:41.824509Z  INFO tailwindcss_oxide::scanner: Reading "/home/z/my-project/skills/design/design-systems/brand-inspiration/notion/tokens.css"
2026-08-17T06:31:41.824511Z  INFO tailwindcss_oxide::scanner: Reading "/home/z/my-project/skills/design/design-systems/brand-inspiration/discord/tokens.css"
2026-08-17T06:31:41.824524Z  INFO tailwindcss_oxide::scanner: Reading "/home/z/my-project/skills/design/design-systems/brand-inspiration/slack/tokens.css"
2026-08-17T06:31:41.824526Z  INFO tailwindcss_oxide::scanner: Reading "/home/z/my-project/skills/design/design-systems/style-skills/default/tokens.css"
2026-08-17T06:31:41.824541Z  INFO tailwindcss_oxide::scanner: Reading "/home/z/my-project/skills/design/design-systems/brand-inspiration/airbnb/tokens.css"
2026-08-17T06:31:41.824552Z  INFO tailwindcss_oxide::scanner: Reading "/home/z/my-project/skills/design/design-templates/ppt/html-ppt-zhangzara-pin-and-paper/assets/styles.css"
2026-08-17T06:31:41.824557Z  INFO tailwindcss_oxide::scanner: Reading "/home/z/my-project/skills/design/design-systems/brand-inspiration/stripe/tokens.css"
2026-08-17T06:31:41.824566Z  INFO tailwindcss_oxide::scanner: Reading "/home/z/my-project/src/app/globals.css"
2026-08-17T06:31:41.824574Z  INFO tailwindcss_oxide::scanner: Reading "/home/z/my-project/skills/design/design-systems/brand-inspiration/github/tokens.css"
2026-08-17T06:31:41.824581Z  INFO tailwindcss_oxide::scanner: Reading "/home/z/my-project/Clean_Aethelgard-Strategic-Insights/application/app/globals.css"
2026-08-17T06:31:41.824589Z  INFO tailwindcss_oxide::scanner: Reading "/home/z/my-project/skills/design/design-systems/brand-inspiration/figma/tokens.css"
2026-08-17T06:31:41.824602Z  INFO tailwindcss_oxide::scanner: Reading "/home/z/my-project/cloned-repo/src/app/globals.css"
2026-08-17T06:31:41.824610Z  INFO tailwindcss_oxide::scanner: Reading "/home/z/my-project/skills/design/design-systems/brand-inspiration/cursor/tokens.css"
2026-08-17T06:31:41.824623Z  INFO tailwindcss_oxide::scanner: Reading "/home/z/my-project/skills/design/design-systems/brand-inspiration/openai/tokens.css"
2026-08-17T06:31:41.824658Z  INFO extract_candidates:read_all_files: tailwindcss_oxide::scanner: exit
2026-08-17T06:31:41.824663Z  INFO extract_candidates:extract_css_variables: tailwindcss_oxide::scanner: enter
2026-08-17T06:31:41.824665Z  INFO extract_candidates:extract_css_variables:extract: tailwindcss_oxide::scanner: enter
2026-08-17T06:31:41.825032Z  INFO extract_candidates:extract_css_variables:extract: tailwindcss_oxide::scanner: exit
2026-08-17T06:31:41.825042Z  INFO extract_candidates:extract_css_variables: tailwindcss_oxide::scanner: exit
2026-08-17T06:31:41.852711Z  INFO extract_candidates: tailwindcss_oxide::scanner: exit
2026-08-17T06:31:41.868943Z  INFO get_files: tailwindcss_oxide::scanner: enter
2026-08-17T06:31:41.868968Z  INFO get_files:discover_sources: tailwindcss_oxide::scanner: enter
2026-08-17T06:31:41.868971Z  INFO get_files:discover_sources: tailwindcss_oxide::scanner: exit
2026-08-17T06:31:41.869194Z  INFO get_files: tailwindcss_oxide::scanner: exit
2026-08-17T06:31:41.873180Z  INFO get_globs: tailwindcss_oxide::scanner: enter
2026-08-17T06:31:41.873199Z  INFO get_globs:discover_sources: tailwindcss_oxide::scanner: enter
2026-08-17T06:31:41.873202Z  INFO get_globs:discover_sources: tailwindcss_oxide::scanner: exit
2026-08-17T06:31:41.898323Z  INFO get_globs: tailwindcss_oxide::scanner: exit
